StartTime,EndTime,1,2,3,4,5,6,7,8,9,10,11,12,13,14,15,16,17,18,19,20,21,22,23,24,25,26,27,28,29,30,Sleeps,NoSleeps,isSleep
1649444460000.0,1649446200000.0,86.0,86.0,87.0,87.0,87.0,87.0,88.0,88.0,85.0,82.0,83.0,83.0,84.0,85.0,85.0,86.0,86.0,86.0,85.0,85.0,85.0,85.0,84.0,84.0,84.0,84.0,83.0,83.0,83.0,83.0,5,25,False
1649446260000.0,1649448000000.0,82.0,82.0,82.0,82.0,81.0,81.0,81.0,81.0,80.0,80.0,80.0,80.0,79.0,79.0,79.0,79.0,78.0,78.0,78.0,78.0,77.0,77.0,77.0,77.0,76.0,76.0,76.0,76.0,75.0,75.0,29,1,True
1649448060000.0,1649449800000.0,75.0,75.0,74.0,74.0,74.0,74.0,73.0,73.0,73.0,73.0,72.0,72.0,72.0,72.0,71.0,71.0,71.0,71.0,70.0,70.0,70.0,67.0,64.0,61.0,58.0,58.0,58.0,59.0,59.0,59.0,29,1,True
1649449860000.0,1649451600000.0,59.0,60.0,60.0,60.0,60.0,60.0,61.0,61.0,61.0,61.0,62.0,62.0,62.0,62.0,62.0,63.0,63.0,63.0,63.0,64.0,64.0,64.0,64.0,64.0,65.0,65.0,65.0,65.0,66.0,66.0,30,0,True
1649451660000.0,1649453400000.0,66.0,66.0,65.0,65.0,65.0,64.0,64.0,64.0,64.0,64.0,63.0,63.0,63.0,63.0,63.0,63.0,63.0,64.0,64.0,64.0,64.0,64.0,64.0,64.0,64.0,64.0,65.0,65.0,65.0,65.0,30,0,True
1649453460000.0,1649455200000.0,65.0,65.0,65.0,65.0,66.0,66.0,66.0,66.0,66.0,66.0,66.0,65.0,65.0,65.0,64.0,64.0,64.0,64.0,64.0,63.0,63.0,63.0,62.0,62.0,62.0,61.0,61.0,60.0,60.0,60.0,30,0,True
1649455260000.0,1649457000000.0,59.0,59.0,59.0,58.0,58.0,58.0,58.0,58.0,57.0,57.0,57.0,57.0,57.0,56.0,56.0,56.0,56.0,59.0,62.0,62.0,62.0,62.0,61.0,61.0,61.0,61.0,61.0,61.0,60.0,60.0,27,3,True
1649457060000.0,1649458800000.0,60.0,60.0,60.0,60.0,60.0,59.0,59.0,59.0,59.0,59.0,59.0,58.0,58.0,58.0,58.0,58.0,58.0,57.0,57.0,57.0,57.0,59.0,60.0,62.0,64.0,65.0,67.0,68.0,70.0,70.0,30,0,True
1649458860000.0,1649460600000.0,70.0,69.0,69.0,71.0,72.0,74.0,76.0,77.0,79.0,81.0,83.0,84.0,86.0,88.0,89.0,91.0,89.0,88.0,86.0,84.0,83.0,81.0,79.0,78.0,76.0,74.0,73.0,71.0,73.0,75.0,29,1,True
1649460660000.0,1649462400000.0,78.0,80.0,82.0,79.0,76.0,72.0,69.0,66.0,66.0,66.0,65.0,65.0,65.0,65.0,66.0,66.0,66.0,66.0,66.0,67.0,67.0,67.0,67.0,68.0,68.0,68.0,68.0,68.0,69.0,69.0,30,0,True
1649462460000.0,1649464200000.0,69.0,69.0,69.0,70.0,70.0,70.0,70.0,71.0,71.0,71.0,71.0,71.0,72.0,72.0,72.0,72.0,73.0,74.0,74.0,74.0,75.0,75.0,76.0,76.0,76.0,77.0,77.0,78.0,78.0,78.0,30,0,True
1649464260000.0,1649466000000.0,79.0,79.0,80.0,80.0,80.0,81.0,81.0,82.0,82.0,81.0,81.0,80.0,80.0,79.0,79.0,78.0,78.0,77.0,76.0,76.0,75.0,75.0,74.0,74.0,73.0,73.0,72.0,72.0,71.0,70.0,30,0,True
1649466060000.0,1649467800000.0,70.0,69.0,69.0,68.0,68.0,67.0,67.0,66.0,66.0,65.0,64.0,64.0,63.0,63.0,62.0,62.0,61.0,61.0,60.0,61.0,62.0,62.0,63.0,64.0,65.0,66.0,67.0,68.0,68.0,69.0,28,2,True
1649467860000.0,1649469600000.0,70.0,70.0,69.0,69.0,68.0,68.0,68.0,67.0,67.0,66.0,66.0,65.0,65.0,65.0,65.0,65.0,65.0,65.0,65.0,65.0,65.0,65.0,65.0,65.0,65.0,65.0,65.0,65.0,65.0,65.0,30,0,True
1649469660000.0,1649471400000.0,65.0,65.0,65.0,65.0,65.0,65.0,65.0,65.0,65.0,65.0,65.0,65.0,65.0,65.0,65.0,65.0,65.0,65.0,65.0,65.0,65.0,65.0,65.0,65.0,65.0,65.0,65.0,65.0,65.0,65.0,30,0,True
1649471460000.0,1649473200000.0,65.0,65.0,65.0,65.0,65.0,65.0,65.0,65.0,64.0,64.0,64.0,64.0,64.0,64.0,64.0,64.0,64.0,64.0,64.0,64.0,64.0,64.0,64.0,64.0,64.0,64.0,64.0,64.0,64.0,64.0,29,1,True
1649473260000.0,1649475000000.0,64.0,64.0,64.0,64.0,64.0,64.0,64.0,64.0,64.0,64.0,64.0,64.0,64.0,64.0,64.0,64.0,64.0,64.0,64.0,64.0,64.0,64.0,64.0,64.0,64.0,64.0,64.0,64.0,64.0,64.0,29,1,True
1649475060000.0,1649476800000.0,64.0,64.0,64.0,64.0,64.0,64.0,64.0,64.0,64.0,64.0,64.0,64.0,64.0,64.0,64.0,64.0,64.0,64.0,64.0,64.0,64.0,64.0,64.0,64.0,64.0,64.0,64.0,64.0,64.0,64.0,30,0,True
1649476860000.0,1649478600000.0,64.0,64.0,64.0,64.0,64.0,64.0,64.0,64.0,64.0,64.0,64.0,64.0,64.0,64.0,64.0,64.0,64.0,64.0,64.0,64.0,64.0,64.0,64.0,64.0,64.0,64.0,64.0,64.0,64.0,64.0,29,1,True
1649478660000.0,1649480400000.0,63.0,63.0,63.0,63.0,63.0,63.0,63.0,63.0,63.0,63.0,63.0,63.0,63.0,63.0,63.0,63.0,63.0,63.0,63.0,63.0,63.0,63.0,63.0,63.0,63.0,63.0,63.0,63.0,63.0,63.0,27,3,True
1649480460000.0,1649482200000.0,63.0,63.0,63.0,63.0,63.0,63.0,63.0,63.0,63.0,63.0,63.0,63.0,63.0,63.0,63.0,63.0,63.0,63.0,63.0,63.0,63.0,63.0,63.0,63.0,63.0,63.0,63.0,63.0,63.0,63.0,30,0,True
1649482260000.0,1649484000000.0,63.0,63.0,63.0,63.0,63.0,64.0,64.0,65.0,65.0,66.0,66.0,66.0,67.0,67.0,68.0,68.0,69.0,69.0,69.0,70.0,70.0,71.0,71.0,72.0,72.0,72.0,73.0,73.0,74.0,74.0,30,0,True
1649484060000.0,1649485800000.0,74.0,75.0,75.0,76.0,76.0,77.0,77.0,77.0,78.0,78.0,79.0,79.0,80.0,80.0,80.0,81.0,81.0,82.0,82.0,83.0,83.0,83.0,84.0,84.0,85.0,85.0,86.0,86.0,86.0,87.0,28,2,True
1649485860000.0,1649487600000.0,87.0,88.0,88.0,89.0,89.0,89.0,90.0,90.0,91.0,91.0,92.0,92.0,92.0,93.0,93.0,94.0,94.0,95.0,95.0,95.0,96.0,96.0,97.0,97.0,97.0,98.0,98.0,99.0,99.0,100.0,30,0,True
1649487660000.0,1649489400000.0,100.0,100.0,101.0,101.0,102.0,102.0,103.0,103.0,103.0,104.0,104.0,105.0,105.0,106.0,106.0,106.0,106.0,106.0,106.0,105.0,105.0,105.0,105.0,105.0,105.0,105.0,105.0,105.0,104.0,104.0,2,28,False
1649489460000.0,1649491200000.0,104.0,104.0,104.0,104.0,104.0,104.0,104.0,103.0,103.0,103.0,103.0,103.0,103.0,103.0,103.0,103.0,102.0,102.0,102.0,102.0,102.0,102.0,102.0,102.0,102.0,101.0,101.0,101.0,101.0,101.0,0,30,False
1649491260000.0,1649493000000.0,101.0,101.0,101.0,101.0,100.0,100.0,100.0,100.0,100.0,100.0,100.0,100.0,100.0,99.0,99.0,99.0,99.0,99.0,99.0,99.0,99.0,99.0,98.0,98.0,98.0,98.0,98.0,98.0,98.0,98.0,0,30,False
1649493060000.0,1649494800000.0,98.0,97.0,97.0,97.0,97.0,97.0,97.0,97.0,97.0,97.0,96.0,96.0,96.0,96.0,96.0,96.0,96.0,96.0,96.0,95.0,95.0,95.0,95.0,95.0,95.0,95.0,95.0,95.0,94.0,94.0,0,30,False
1649494860000.0,1649496600000.0,94.0,94.0,94.0,94.0,94.0,94.0,94.0,93.0,93.0,93.0,93.0,93.0,93.0,93.0,93.0,93.0,92.0,92.0,92.0,92.0,92.0,92.0,92.0,92.0,92.0,91.0,91.0,91.0,91.0,91.0,0,30,False
1649496660000.0,1649498400000.0,91.0,91.0,91.0,91.0,90.0,90.0,90.0,90.0,90.0,90.0,90.0,90.0,90.0,89.0,89.0,89.0,89.0,89.0,89.0,89.0,89.0,89.0,88.0,88.0,88.0,88.0,88.0,88.0,88.0,88.0,0,30,False
1649498460000.0,1649500200000.0,88.0,87.0,87.0,87.0,87.0,87.0,88.0,89.0,90.0,92.0,93.0,94.0,95.0,96.0,93.0,90.0,88.0,85.0,82.0,84.0,86.0,88.0,90.0,92.0,94.0,93.0,92.0,90.0,89.0,88.0,0,30,False
1649500260000.0,1649502000000.0,87.0,86.0,85.0,84.0,82.0,81.0,80.0,87.0,94.0,102.0,109.0,108.0,107.0,106.0,105.0,104.0,103.0,102.0,102.0,102.0,102.0,102.0,101.0,101.0,101.0,101.0,101.0,101.0,101.0,101.0,0,30,False
1649502060000.0,1649503800000.0,101.0,100.0,100.0,100.0,100.0,100.0,100.0,100.0,100.0,100.0,99.0,99.0,99.0,99.0,99.0,99.0,99.0,99.0,99.0,99.0,98.0,98.0,98.0,98.0,98.0,98.0,98.0,98.0,98.0,97.0,0,30,False
1649503860000.0,1649505600000.0,97.0,97.0,97.0,97.0,97.0,97.0,97.0,97.0,96.0,96.0,96.0,96.0,96.0,96.0,96.0,96.0,96.0,95.0,95.0,95.0,95.0,95.0,95.0,95.0,95.0,95.0,94.0,94.0,94.0,94.0,0,30,False
1649505660000.0,1649507400000.0,94.0,94.0,94.0,94.0,94.0,93.0,93.0,93.0,93.0,93.0,93.0,93.0,93.0,93.0,92.0,92.0,92.0,92.0,92.0,92.0,92.0,92.0,92.0,92.0,91.0,91.0,91.0,91.0,91.0,91.0,0,30,False
1649507460000.0,1649509200000.0,91.0,91.0,91.0,90.0,90.0,90.0,90.0,90.0,90.0,90.0,90.0,90.0,89.0,89.0,89.0,89.0,89.0,89.0,89.0,89.0,89.0,88.0,88.0,88.0,88.0,88.0,88.0,88.0,88.0,88.0,0,30,False
1649509260000.0,1649511000000.0,87.0,87.0,87.0,87.0,87.0,87.0,87.0,87.0,87.0,86.0,86.0,86.0,86.0,86.0,86.0,86.0,86.0,86.0,85.0,85.0,85.0,85.0,85.0,85.0,85.0,85.0,85.0,85.0,84.0,84.0,0,30,False
1649511060000.0,1649512800000.0,84.0,84.0,84.0,84.0,84.0,84.0,84.0,83.0,83.0,83.0,83.0,83.0,83.0,83.0,83.0,83.0,82.0,82.0,82.0,82.0,82.0,84.0,85.0,85.0,85.0,85.0,85.0,86.0,86.0,86.0,0,30,False
1649512860000.0,1649514600000.0,86.0,86.0,83.0,80.0,77.0,81.0,86.0,90.0,85.0,81.0,76.0,71.0,66.0,62.0,57.0,68.0,79.0,90.0,101.0,94.0,94.0,95.0,95.0,95.0,96.0,96.0,96.0,97.0,97.0,97.0,0,30,False
1649514660000.0,1649516400000.0,98.0,98.0,98.0,99.0,99.0,99.0,98.0,98.0,98.0,97.0,97.0,96.0,96.0,93.0,90.0,87.0,84.0,81.0,78.0,66.0,73.0,80.0,87.0,94.0,96.0,98.0,100.0,102.0,104.0,106.0,0,30,False
1649516460000.0,1649518200000.0,94.0,83.0,76.0,70.0,84.0,99.0,97.0,95.0,94.0,92.0,90.0,88.0,91.0,94.0,98.0,101.0,104.0,62.0,66.0,70.0,74.0,78.0,81.0,85.0,89.0,93.0,97.0,106.0,115.0,124.0,0,30,False
1649518260000.0,1649520000000.0,105.0,86.0,96.0,105.0,115.0,99.0,123.0,121.0,120.0,118.0,117.0,115.0,114.0,112.0,115.0,118.0,122.0,125.0,129.0,132.0,136.0,132.0,128.0,125.0,121.0,95.0,69.0,62.0,78.0,64.0,0,30,False
1649520060000.0,1649521800000.0,66.0,67.0,69.0,70.0,70.0,71.0,71.0,72.0,73.0,73.0,74.0,74.0,75.0,77.0,80.0,82.0,84.0,86.0,88.0,94.0,98.0,102.0,72.0,76.0,79.0,83.0,73.0,110.0,108.0,134.0,0,30,False
1649521860000.0,1649523600000.0,125.0,116.0,115.0,113.0,112.0,110.0,109.0,108.0,101.0,93.0,86.0,79.0,71.0,64.0,72.0,98.0,86.0,74.0,62.0,85.0,108.0,104.0,87.0,70.0,52.0,61.0,71.0,80.0,87.0,94.0,0,30,False
1649523660000.0,1649525400000.0,100.0,107.0,112.0,108.0,103.0,98.0,94.0,91.0,87.0,84.0,80.0,77.0,73.0,70.0,89.0,85.0,81.0,77.0,73.0,105.0,105.0,64.0,95.0,98.0,90.0,83.0,97.0,96.0,96.0,96.0,0,30,False
1649525460000.0,1649527200000.0,97.0,100.0,95.0,92.0,93.0,94.0,94.0,94.0,94.0,92.0,93.0,79.0,65.0,64.0,63.0,62.0,63.0,66.0,76.0,86.0,97.0,68.0,95.0,83.0,93.0,94.0,93.0,94.0,92.0,95.0,0,30,False
1649527260000.0,1649529000000.0,96.0,97.0,98.0,99.0,93.0,62.0,95.0,94.0,94.0,94.0,94.0,108.0,103.0,98.0,93.0,94.0,94.0,77.0,88.0,91.0,82.0,92.0,63.0,92.0,91.0,116.0,111.0,57.0,76.0,94.0,0,30,False
1649529060000.0,1649530800000.0,74.0,81.0,88.0,95.0,83.0,94.0,106.0,59.0,76.0,92.0,90.0,89.0,96.0,87.0,104.0,101.0,98.0,96.0,93.0,90.0,98.0,107.0,95.0,95.0,95.0,76.0,101.0,101.0,101.0,101.0,0,30,False
1649530860000.0,1649532600000.0,101.0,101.0,102.0,102.0,102.0,102.0,102.0,102.0,102.0,85.0,68.0,69.0,70.0,71.0,71.0,72.0,73.0,74.0,73.0,72.0,71.0,70.0,69.0,67.0,66.0,65.0,64.0,63.0,62.0,72.0,0,30,False
1649532660000.0,1649534400000.0,81.0,91.0,92.0,93.0,93.0,94.0,95.0,98.0,83.0,68.0,74.0,79.0,85.0,90.0,96.0,57.0,57.0,57.0,56.0,56.0,56.0,56.0,64.0,72.0,80.0,88.0,96.0,94.0,92.0,90.0,0,30,False
1649534460000.0,1649536200000.0,88.0,86.0,85.0,83.0,90.0,89.0,83.0,84.0,85.0,86.0,87.0,88.0,89.0,90.0,91.0,91.0,91.0,91.0,91.0,90.0,90.0,90.0,90.0,90.0,90.0,90.0,90.0,90.0,89.0,89.0,0,30,False
1649536260000.0,1649538000000.0,89.0,89.0,89.0,89.0,89.0,89.0,89.0,88.0,88.0,88.0,88.0,88.0,88.0,88.0,88.0,88.0,87.0,87.0,87.0,87.0,87.0,87.0,87.0,87.0,87.0,86.0,86.0,86.0,86.0,86.0,0,30,False
1649538060000.0,1649539800000.0,86.0,86.0,86.0,86.0,86.0,85.0,85.0,85.0,85.0,85.0,85.0,85.0,85.0,85.0,84.0,84.0,84.0,84.0,84.0,84.0,84.0,84.0,84.0,83.0,83.0,83.0,83.0,83.0,83.0,83.0,0,30,False
1649539860000.0,1649541600000.0,83.0,83.0,82.0,82.0,82.0,82.0,82.0,82.0,82.0,82.0,82.0,81.0,81.0,81.0,81.0,81.0,81.0,81.0,81.0,81.0,80.0,80.0,80.0,80.0,80.0,80.0,80.0,80.0,80.0,79.0,0,30,False
1649541660000.0,1649543400000.0,79.0,79.0,79.0,79.0,79.0,79.0,79.0,79.0,78.0,78.0,78.0,78.0,78.0,78.0,78.0,78.0,78.0,78.0,77.0,77.0,77.0,77.0,77.0,77.0,77.0,77.0,77.0,76.0,76.0,76.0,0,30,False
1649543460000.0,1649545200000.0,76.0,76.0,76.0,76.0,76.0,76.0,75.0,75.0,75.0,75.0,75.0,75.0,75.0,75.0,75.0,74.0,74.0,74.0,74.0,74.0,74.0,74.0,74.0,74.0,73.0,73.0,73.0,73.0,73.0,72.0,0,30,False
1649545260000.0,1649547000000.0,71.0,70.0,69.0,68.0,69.0,64.0,64.0,64.0,64.0,64.0,68.0,66.0,64.0,64.0,64.0,63.0,63.0,63.0,63.0,63.0,67.0,67.0,67.0,67.0,67.0,67.0,67.0,67.0,67.0,67.0,27,3,True
1649547060000.0,1649548800000.0,66.0,66.0,66.0,66.0,66.0,66.0,66.0,66.0,66.0,66.0,66.0,66.0,66.0,66.0,66.0,66.0,66.0,66.0,66.0,65.0,65.0,65.0,65.0,65.0,65.0,65.0,65.0,65.0,65.0,65.0,30,0,True
1649548860000.0,1649550600000.0,64.0,64.0,64.0,64.0,64.0,63.0,63.0,65.0,66.0,68.0,70.0,70.0,70.0,70.0,69.0,69.0,69.0,69.0,69.0,68.0,68.0,68.0,68.0,67.0,67.0,66.0,66.0,65.0,64.0,64.0,30,0,True
1649550660000.0,1649552400000.0,63.0,62.0,62.0,61.0,61.0,60.0,59.0,59.0,58.0,58.0,57.0,58.0,60.0,62.0,63.0,64.0,64.0,65.0,66.0,66.0,65.0,65.0,64.0,64.0,64.0,63.0,63.0,67.0,70.0,74.0,30,0,True
1649552460000.0,1649554200000.0,78.0,78.0,77.0,77.0,76.0,76.0,75.0,75.0,74.0,74.0,73.0,73.0,72.0,72.0,71.0,71.0,71.0,70.0,70.0,69.0,69.0,68.0,68.0,67.0,67.0,66.0,66.0,65.0,65.0,64.0,30,0,True
1649554260000.0,1649556000000.0,64.0,61.0,58.0,58.0,58.0,60.0,63.0,62.0,62.0,62.0,61.0,60.0,60.0,60.0,59.0,58.0,58.0,58.0,57.0,56.0,56.0,57.0,58.0,60.0,61.0,61.0,61.0,61.0,61.0,61.0,29,1,True
1649556060000.0,1649557800000.0,61.0,61.0,61.0,61.0,61.0,61.0,61.0,61.0,61.0,60.0,60.0,60.0,60.0,60.0,60.0,60.0,60.0,60.0,60.0,60.0,60.0,60.0,60.0,60.0,60.0,70.0,81.0,69.0,57.0,57.0,29,1,True
1649557860000.0,1649559600000.0,57.0,57.0,57.0,57.0,57.0,57.0,57.0,57.0,57.0,57.0,57.0,57.0,57.0,57.0,57.0,57.0,57.0,57.0,57.0,58.0,60.0,62.0,63.0,62.0,61.0,60.0,59.0,58.0,58.0,57.0,28,2,True
1649559660000.0,1649561400000.0,56.0,55.0,54.0,55.0,56.0,57.0,57.0,58.0,58.0,59.0,59.0,60.0,61.0,61.0,62.0,62.0,63.0,63.0,64.0,66.0,68.0,70.0,64.0,59.0,60.0,61.0,61.0,62.0,63.0,63.0,30,0,True
1649561460000.0,1649563200000.0,63.0,63.0,63.0,63.0,63.0,63.0,63.0,63.0,63.0,63.0,63.0,63.0,62.0,62.0,62.0,62.0,61.0,61.0,61.0,61.0,60.0,60.0,60.0,60.0,59.0,59.0,59.0,58.0,58.0,58.0,30,0,True
1649563260000.0,1649565000000.0,58.0,57.0,57.0,57.0,57.0,56.0,56.0,56.0,56.0,55.0,55.0,56.0,58.0,60.0,61.0,62.0,64.0,66.0,67.0,69.0,70.0,72.0,73.0,75.0,76.0,78.0,80.0,81.0,83.0,84.0,30,0,True
1649565060000.0,1649566800000.0,86.0,87.0,89.0,87.0,86.0,84.0,83.0,81.0,80.0,78.0,76.0,75.0,73.0,72.0,70.0,64.0,59.0,60.0,62.0,63.0,64.0,65.0,66.0,68.0,69.0,68.0,67.0,66.0,65.0,64.0,30,0,True
1649566860000.0,1649568600000.0,64.0,63.0,62.0,61.0,60.0,59.0,58.0,60.0,63.0,66.0,68.0,69.0,69.0,70.0,70.0,71.0,72.0,72.0,73.0,73.0,74.0,73.0,72.0,71.0,70.0,69.0,68.0,67.0,66.0,66.0,28,2,True
1649568660000.0,1649570400000.0,65.0,64.0,63.0,62.0,61.0,60.0,59.0,58.0,57.0,58.0,58.0,59.0,60.0,64.0,67.0,67.0,67.0,66.0,66.0,66.0,66.0,66.0,65.0,65.0,65.0,65.0,65.0,64.0,64.0,64.0,30,0,True
1649570460000.0,1649572200000.0,64.0,64.0,63.0,63.0,63.0,65.0,67.0,66.0,66.0,65.0,64.0,64.0,63.0,63.0,62.0,62.0,62.0,62.0,62.0,62.0,62.0,62.0,63.0,63.0,63.0,63.0,63.0,63.0,63.0,63.0,30,0,True
1649572260000.0,1649574000000.0,63.0,63.0,63.0,63.0,63.0,63.0,63.0,63.0,63.0,63.0,63.0,63.0,63.0,63.0,63.0,63.0,63.0,65.0,68.0,70.0,72.0,75.0,77.0,77.0,78.0,78.0,79.0,79.0,80.0,80.0,30,0,True
1649574060000.0,1649575800000.0,81.0,81.0,81.0,82.0,82.0,83.0,83.0,84.0,84.0,85.0,85.0,84.0,84.0,83.0,82.0,82.0,81.0,80.0,80.0,79.0,80.0,81.0,82.0,81.0,80.0,79.0,83.0,87.0,76.0,82.0,8,22,False
1649575860000.0,1649577600000.0,87.0,84.0,84.0,83.0,83.0,82.0,86.0,91.0,95.0,100.0,104.0,108.0,113.0,117.0,81.0,106.0,112.0,79.0,82.0,84.0,86.0,89.0,85.0,84.0,84.0,83.0,82.0,82.0,81.0,80.0,0,30,False
1649577660000.0,1649579400000.0,80.0,79.0,79.0,78.0,77.0,77.0,76.0,68.0,61.0,53.0,91.0,88.0,84.0,81.0,78.0,75.0,72.0,68.0,65.0,78.0,84.0,82.0,80.0,79.0,77.0,72.0,75.0,79.0,82.0,85.0,0,30,False
1649579460000.0,1649581200000.0,88.0,92.0,95.0,97.0,95.0,94.0,92.0,88.0,83.0,76.0,70.0,63.0,76.0,89.0,91.0,93.0,83.0,72.0,62.0,63.0,64.0,65.0,65.0,66.0,67.0,68.0,68.0,69.0,69.0,69.0,0,30,False
1649581260000.0,1649583000000.0,69.0,70.0,70.0,76.0,82.0,87.0,93.0,79.0,88.0,98.0,96.0,95.0,93.0,92.0,91.0,92.0,93.0,91.0,88.0,86.0,90.0,95.0,84.0,73.0,62.0,51.0,94.0,93.0,92.0,90.0,0,30,False
1649583060000.0,1649584800000.0,89.0,89.0,88.0,88.0,90.0,92.0,95.0,97.0,100.0,98.0,97.0,95.0,93.0,92.0,90.0,84.0,86.0,87.0,84.0,81.0,79.0,76.0,73.0,71.0,70.0,68.0,65.0,68.0,70.0,67.0,0,30,False
1649584860000.0,1649586600000.0,78.0,89.0,83.0,77.0,71.0,65.0,74.0,82.0,82.0,82.0,83.0,83.0,82.0,81.0,80.0,78.0,77.0,76.0,79.0,83.0,86.0,89.0,93.0,96.0,93.0,94.0,95.0,92.0,93.0,93.0,0,30,False
1649586660000.0,1649588400000.0,93.0,94.0,94.0,94.0,100.0,75.0,73.0,71.0,70.0,68.0,77.0,77.0,78.0,78.0,78.0,79.0,79.0,79.0,80.0,80.0,80.0,81.0,81.0,81.0,82.0,82.0,82.0,82.0,83.0,83.0,0,30,False
1649588460000.0,1649590200000.0,83.0,84.0,84.0,84.0,85.0,85.0,85.0,86.0,86.0,86.0,87.0,87.0,87.0,88.0,88.0,88.0,89.0,89.0,89.0,90.0,90.0,90.0,90.0,91.0,91.0,91.0,92.0,92.0,92.0,93.0,0,30,False
1649590260000.0,1649592000000.0,93.0,93.0,94.0,94.0,94.0,95.0,95.0,95.0,96.0,96.0,96.0,97.0,97.0,97.0,98.0,98.0,98.0,99.0,99.0,99.0,100.0,100.0,100.0,100.0,101.0,101.0,101.0,102.0,102.0,102.0,0,30,False
1649592060000.0,1649593800000.0,103.0,103.0,103.0,104.0,104.0,102.0,99.0,97.0,94.0,92.0,98.0,105.0,111.0,118.0,124.0,108.0,92.0,76.0,60.0,74.0,87.0,100.0,114.0,111.0,108.0,106.0,103.0,100.0,100.0,100.0,0,30,False
1649593860000.0,1649595600000.0,100.0,100.0,101.0,101.0,101.0,106.0,106.0,106.0,98.0,96.0,95.0,96.0,96.0,97.0,98.0,99.0,99.0,65.0,75.0,84.0,94.0,100.0,83.0,89.0,86.0,83.0,86.0,88.0,58.0,67.0,0,30,False
1649595660000.0,1649597400000.0,76.0,85.0,76.0,67.0,71.0,74.0,78.0,82.0,85.0,89.0,95.0,85.0,91.0,88.0,80.0,94.0,94.0,91.0,90.0,89.0,94.0,94.0,94.0,93.0,93.0,93.0,76.0,93.0,65.0,75.0,0,30,False
1649597460000.0,1649599200000.0,79.0,82.0,85.0,88.0,91.0,94.0,85.0,77.0,68.0,71.0,74.0,76.0,79.0,88.0,88.0,87.0,87.0,87.0,86.0,86.0,82.0,82.0,83.0,83.0,75.0,67.0,71.0,74.0,78.0,78.0,0,30,False
1649599260000.0,1649601000000.0,78.0,79.0,80.0,80.0,81.0,82.0,83.0,83.0,84.0,85.0,84.0,86.0,88.0,91.0,93.0,88.0,93.0,92.0,90.0,89.0,93.0,97.0,83.0,90.0,97.0,104.0,100.0,95.0,95.0,95.0,0,30,False
1649601060000.0,1649602800000.0,96.0,96.0,97.0,98.0,96.0,95.0,93.0,92.0,90.0,89.0,87.0,94.0,82.0,70.0,68.0,68.0,69.0,70.0,70.0,80.0,91.0,101.0,99.0,99.0,99.0,99.0,99.0,100.0,100.0,100.0,0,30,False
1649602860000.0,1649604600000.0,100.0,100.0,96.0,97.0,98.0,99.0,100.0,101.0,101.0,102.0,72.0,88.0,105.0,106.0,107.0,106.0,101.0,101.0,95.0,89.0,83.0,77.0,105.0,119.0,106.0,107.0,108.0,101.0,94.0,88.0,0,30,False
1649604660000.0,1649606400000.0,81.0,82.0,84.0,86.0,87.0,89.0,90.0,92.0,93.0,95.0,98.0,100.0,94.0,89.0,90.0,91.0,91.0,92.0,93.0,94.0,95.0,95.0,96.0,97.0,102.0,97.0,104.0,69.0,82.0,96.0,0,30,False
1649606460000.0,1649608200000.0,100.0,105.0,94.0,106.0,103.0,100.0,103.0,102.0,101.0,104.0,101.0,100.0,107.0,101.0,101.0,102.0,102.0,101.0,100.0,102.0,104.0,105.0,69.0,95.0,91.0,58.0,98.0,101.0,101.0,100.0,0,30,False
1649608260000.0,1649610000000.0,100.0,100.0,76.0,126.0,127.0,92.0,95.0,64.0,79.0,100.0,96.0,108.0,107.0,109.0,73.0,112.0,108.0,108.0,107.0,107.0,92.0,77.0,66.0,127.0,93.0,100.0,107.0,108.0,108.0,108.0,0,30,False
1649610060000.0,1649611800000.0,109.0,90.0,71.0,52.0,93.0,134.0,118.0,102.0,86.0,93.0,100.0,106.0,113.0,68.0,123.0,116.0,98.0,81.0,89.0,98.0,106.0,104.0,103.0,103.0,102.0,115.0,110.0,55.0,116.0,104.0,0,30,False
1649611860000.0,1649613600000.0,92.0,113.0,101.0,113.0,105.0,103.0,101.0,92.0,91.0,89.0,88.0,86.0,85.0,83.0,82.0,107.0,70.0,114.0,115.0,115.0,112.0,94.0,76.0,60.0,57.0,118.0,115.0,91.0,72.0,79.0,0,30,False
1649613660000.0,1649615400000.0,92.0,105.0,82.0,58.0,74.0,91.0,63.0,93.0,97.0,88.0,79.0,70.0,84.0,98.0,95.0,93.0,89.0,85.0,81.0,101.0,89.0,101.0,94.0,107.0,70.0,97.0,89.0,81.0,85.0,89.0,0,30,False
1649615460000.0,1649617200000.0,93.0,96.0,100.0,104.0,108.0,112.0,60.0,60.0,59.0,59.0,110.0,106.0,112.0,100.0,97.0,93.0,90.0,102.0,113.0,72.0,53.0,78.0,104.0,103.0,102.0,100.0,99.0,98.0,97.0,74.0,0,30,False
1649617260000.0,1649619000000.0,51.0,57.0,64.0,70.0,87.0,104.0,88.0,93.0,98.0,106.0,101.0,96.0,68.0,94.0,81.0,68.0,65.0,62.0,93.0,90.0,87.0,83.0,80.0,77.0,64.0,80.0,96.0,69.0,91.0,95.0,0,30,False
1649619060000.0,1649620800000.0,99.0,95.0,93.0,93.0,94.0,94.0,94.0,94.0,90.0,96.0,83.0,74.0,65.0,56.0,95.0,94.0,102.0,75.0,104.0,99.0,94.0,82.0,69.0,82.0,95.0,97.0,94.0,57.0,71.0,82.0,0,30,False
1649620860000.0,1649622600000.0,94.0,96.0,98.0,62.0,67.0,71.0,76.0,88.0,101.0,101.0,98.0,94.0,94.0,95.0,95.0,95.0,102.0,109.0,92.0,101.0,96.0,92.0,87.0,82.0,81.0,81.0,72.0,81.0,81.0,81.0,0,30,False
1649622660000.0,1649624400000.0,81.0,81.0,81.0,81.0,81.0,81.0,81.0,82.0,82.0,82.0,82.0,82.0,82.0,82.0,82.0,82.0,82.0,82.0,82.0,82.0,82.0,82.0,82.0,82.0,82.0,82.0,82.0,83.0,83.0,83.0,0,30,False
1649624460000.0,1649626200000.0,83.0,83.0,83.0,83.0,83.0,83.0,83.0,83.0,83.0,83.0,83.0,83.0,83.0,83.0,83.0,83.0,84.0,84.0,84.0,84.0,84.0,84.0,84.0,84.0,84.0,84.0,84.0,84.0,84.0,84.0,0,30,False
1649626260000.0,1649628000000.0,84.0,84.0,84.0,84.0,84.0,84.0,85.0,85.0,85.0,85.0,85.0,85.0,85.0,85.0,85.0,85.0,85.0,85.0,85.0,85.0,85.0,85.0,85.0,85.0,85.0,86.0,86.0,86.0,86.0,86.0,0,30,False
1649628060000.0,1649629800000.0,86.0,86.0,86.0,86.0,86.0,86.0,86.0,86.0,86.0,86.0,86.0,86.0,86.0,86.0,87.0,87.0,87.0,87.0,87.0,87.0,87.0,87.0,87.0,87.0,87.0,87.0,87.0,87.0,87.0,87.0,0,30,False
1649629860000.0,1649631600000.0,87.0,87.0,87.0,87.0,88.0,88.0,88.0,88.0,88.0,88.0,88.0,88.0,88.0,88.0,88.0,88.0,88.0,88.0,88.0,88.0,88.0,88.0,88.0,89.0,89.0,89.0,89.0,89.0,89.0,89.0,0,30,False
1649631660000.0,1649633400000.0,89.0,89.0,89.0,89.0,89.0,89.0,89.0,89.0,89.0,89.0,89.0,89.0,89.0,90.0,90.0,90.0,90.0,90.0,90.0,90.0,90.0,90.0,90.0,90.0,90.0,90.0,90.0,90.0,90.0,90.0,0,30,False
1649633460000.0,1649635200000.0,90.0,90.0,91.0,91.0,91.0,91.0,91.0,91.0,91.0,91.0,91.0,91.0,91.0,91.0,91.0,91.0,91.0,91.0,91.0,91.0,91.0,92.0,92.0,92.0,92.0,92.0,92.0,92.0,92.0,92.0,0,30,False
1649635260000.0,1649637000000.0,92.0,92.0,92.0,92.0,92.0,92.0,92.0,92.0,92.0,92.0,92.0,93.0,93.0,93.0,93.0,93.0,93.0,93.0,93.0,93.0,93.0,93.0,93.0,93.0,93.0,93.0,93.0,93.0,93.0,93.0,0,30,False
1649637060000.0,1649638800000.0,94.0,94.0,94.0,94.0,94.0,94.0,94.0,94.0,94.0,94.0,94.0,94.0,94.0,94.0,94.0,94.0,94.0,94.0,94.0,94.0,95.0,95.0,95.0,95.0,95.0,95.0,95.0,95.0,95.0,95.0,0,30,False
1649638860000.0,1649640600000.0,95.0,95.0,95.0,95.0,95.0,95.0,95.0,95.0,95.0,96.0,96.0,96.0,96.0,96.0,96.0,96.0,96.0,96.0,96.0,96.0,96.0,96.0,96.0,96.0,96.0,96.0,96.0,96.0,96.0,97.0,0,30,False
1649640660000.0,1649642400000.0,97.0,97.0,97.0,97.0,97.0,97.0,97.0,97.0,97.0,97.0,97.0,97.0,97.0,97.0,97.0,97.0,97.0,97.0,98.0,98.0,98.0,98.0,98.0,98.0,98.0,98.0,98.0,98.0,98.0,98.0,0,30,False
1649642460000.0,1649644200000.0,98.0,98.0,98.0,98.0,98.0,98.0,98.0,98.0,99.0,99.0,99.0,99.0,99.0,99.0,99.0,99.0,99.0,99.0,99.0,99.0,99.0,99.0,99.0,99.0,99.0,99.0,99.0,100.0,100.0,100.0,0,30,False
1649644260000.0,1649646000000.0,100.0,100.0,100.0,100.0,100.0,100.0,100.0,100.0,100.0,100.0,100.0,100.0,100.0,100.0,100.0,100.0,101.0,101.0,101.0,101.0,101.0,101.0,101.0,101.0,101.0,101.0,101.0,101.0,101.0,101.0,0,30,False
1649646060000.0,1649647800000.0,101.0,101.0,101.0,101.0,101.0,101.0,102.0,102.0,102.0,102.0,102.0,102.0,102.0,102.0,102.0,102.0,102.0,101.0,98.0,100.0,99.0,105.0,110.0,116.0,117.0,118.0,125.0,131.0,133.0,129.0,0,30,False
1649647860000.0,1649649600000.0,125.0,122.0,121.0,125.0,126.0,125.0,122.0,117.0,117.0,93.0,60.0,59.0,58.0,71.0,84.0,82.0,82.0,82.0,80.0,77.0,57.0,62.0,68.0,74.0,79.0,84.0,90.0,79.0,68.0,57.0,0,30,False
1649649660000.0,1649651400000.0,60.0,63.0,66.0,68.0,71.0,74.0,77.0,119.0,65.0,63.0,61.0,66.0,72.0,78.0,83.0,78.0,78.0,78.0,78.0,78.0,78.0,77.0,77.0,77.0,77.0,77.0,71.0,75.0,78.0,82.0,0,30,False
1649651460000.0,1649653200000.0,86.0,82.0,77.0,72.0,68.0,64.0,74.0,85.0,78.0,70.0,70.0,70.0,70.0,70.0,69.0,69.0,69.0,48.0,87.0,76.0,66.0,55.0,58.0,62.0,65.0,68.0,71.0,74.0,77.0,80.0,0,30,False
1649653260000.0,1649655000000.0,83.0,86.0,89.0,60.0,71.0,82.0,82.0,79.0,85.0,92.0,98.0,89.0,80.0,74.0,74.0,75.0,76.0,76.0,76.0,77.0,80.0,82.0,83.0,85.0,92.0,82.0,71.0,61.0,63.0,65.0,0,30,False
1649655060000.0,1649656800000.0,67.0,81.0,105.0,79.0,84.0,79.0,93.0,93.0,82.0,83.0,81.0,81.0,78.0,77.0,78.0,78.0,83.0,87.0,114.0,115.0,85.0,69.0,84.0,99.0,95.0,88.0,89.0,88.0,86.0,79.0,0,30,False
1649656860000.0,1649658600000.0,59.0,74.0,73.0,85.0,83.0,48.0,76.0,70.0,70.0,69.0,53.0,64.0,76.0,87.0,87.0,87.0,87.0,70.0,75.0,75.0,76.0,76.0,76.0,78.0,47.0,70.0,78.0,87.0,85.0,83.0,0,30,False
1649658660000.0,1649660400000.0,81.0,79.0,77.0,83.0,66.0,72.0,80.0,88.0,90.0,91.0,93.0,69.0,67.0,68.0,69.0,60.0,64.0,69.0,68.0,67.0,71.0,113.0,85.0,86.0,99.0,52.0,91.0,91.0,95.0,76.0,0,30,False
1649660460000.0,1649662200000.0,84.0,92.0,90.0,88.0,76.0,65.0,75.0,86.0,58.0,60.0,65.0,71.0,76.0,87.0,83.0,80.0,76.0,79.0,82.0,75.0,93.0,82.0,78.0,74.0,69.0,65.0,85.0,82.0,73.0,72.0,0,30,False
1649662260000.0,1649664000000.0,70.0,65.0,66.0,68.0,78.0,88.0,81.0,74.0,76.0,91.0,70.0,48.0,64.0,81.0,71.0,71.0,64.0,63.0,80.0,82.0,86.0,87.0,81.0,75.0,69.0,63.0,100.0,102.0,107.0,70.0,0,30,False
1649664060000.0,1649665800000.0,76.0,111.0,112.0,87.0,95.0,67.0,89.0,102.0,100.0,98.0,94.0,107.0,63.0,88.0,91.0,101.0,90.0,99.0,103.0,103.0,110.0,127.0,132.0,127.0,113.0,99.0,97.0,93.0,91.0,92.0,0,30,False
1649665860000.0,1649667600000.0,95.0,95.0,98.0,97.0,97.0,92.0,98.0,94.0,87.0,92.0,92.0,92.0,92.0,92.0,92.0,92.0,92.0,92.0,92.0,92.0,92.0,92.0,92.0,92.0,92.0,92.0,92.0,92.0,92.0,92.0,0,30,False
1649667660000.0,1649669400000.0,92.0,92.0,92.0,92.0,92.0,92.0,92.0,92.0,92.0,92.0,92.0,92.0,92.0,92.0,92.0,92.0,92.0,92.0,92.0,92.0,92.0,92.0,91.0,91.0,91.0,91.0,91.0,91.0,91.0,91.0,0,30,False
1649669460000.0,1649671200000.0,91.0,91.0,91.0,91.0,91.0,91.0,91.0,91.0,91.0,91.0,91.0,91.0,91.0,91.0,91.0,91.0,91.0,91.0,91.0,91.0,91.0,91.0,91.0,91.0,91.0,91.0,91.0,91.0,91.0,91.0,0,30,False
1649671260000.0,1649673000000.0,91.0,91.0,91.0,91.0,91.0,91.0,91.0,91.0,91.0,91.0,91.0,91.0,91.0,91.0,91.0,91.0,91.0,91.0,91.0,91.0,91.0,91.0,91.0,91.0,91.0,91.0,91.0,91.0,91.0,91.0,0,30,False
1649673060000.0,1649674800000.0,91.0,91.0,91.0,91.0,91.0,91.0,91.0,91.0,91.0,91.0,91.0,91.0,91.0,91.0,91.0,91.0,91.0,90.0,90.0,90.0,90.0,90.0,90.0,90.0,90.0,90.0,90.0,90.0,90.0,90.0,0,30,False
1649674860000.0,1649676600000.0,90.0,90.0,90.0,90.0,90.0,90.0,90.0,90.0,90.0,90.0,90.0,90.0,90.0,90.0,90.0,90.0,90.0,90.0,90.0,90.0,90.0,90.0,90.0,90.0,90.0,90.0,90.0,90.0,90.0,90.0,0,30,False
1649676660000.0,1649678400000.0,90.0,90.0,90.0,90.0,90.0,90.0,90.0,90.0,90.0,90.0,90.0,90.0,90.0,90.0,90.0,90.0,90.0,90.0,90.0,90.0,90.0,90.0,90.0,90.0,90.0,90.0,90.0,90.0,90.0,90.0,0,30,False
1649678460000.0,1649680200000.0,90.0,90.0,90.0,90.0,90.0,90.0,90.0,90.0,90.0,90.0,90.0,90.0,89.0,89.0,89.0,89.0,89.0,89.0,89.0,89.0,89.0,89.0,89.0,89.0,89.0,89.0,89.0,89.0,89.0,89.0,0,30,False
1649680260000.0,1649682000000.0,89.0,89.0,89.0,89.0,89.0,89.0,89.0,89.0,89.0,89.0,89.0,89.0,89.0,89.0,89.0,89.0,89.0,89.0,89.0,89.0,89.0,89.0,89.0,89.0,89.0,89.0,89.0,89.0,89.0,89.0,0,30,False
1649682060000.0,1649683800000.0,89.0,89.0,89.0,89.0,89.0,89.0,89.0,89.0,89.0,89.0,89.0,89.0,89.0,89.0,89.0,89.0,89.0,89.0,89.0,89.0,89.0,89.0,89.0,89.0,89.0,89.0,89.0,89.0,89.0,89.0,0,30,False
1649683860000.0,1649685600000.0,89.0,89.0,89.0,89.0,89.0,89.0,89.0,88.0,88.0,88.0,88.0,88.0,88.0,88.0,88.0,88.0,88.0,88.0,88.0,88.0,88.0,88.0,88.0,88.0,88.0,88.0,88.0,88.0,88.0,88.0,0,30,False
1649685660000.0,1649687400000.0,88.0,88.0,88.0,88.0,88.0,88.0,88.0,88.0,88.0,88.0,88.0,88.0,88.0,88.0,88.0,88.0,88.0,88.0,88.0,88.0,92.0,96.0,99.0,103.0,106.0,110.0,108.0,106.0,104.0,102.0,0,30,False
1649687460000.0,1649689200000.0,100.0,98.0,96.0,90.0,83.0,84.0,85.0,86.0,87.0,87.0,88.0,88.0,88.0,89.0,89.0,91.0,92.0,94.0,96.0,97.0,96.0,99.0,100.0,90.0,83.0,92.0,92.0,91.0,90.0,90.0,0,30,False
1649689260000.0,1649691000000.0,89.0,88.0,94.0,65.0,114.0,95.0,93.0,105.0,52.0,96.0,97.0,99.0,100.0,102.0,114.0,102.0,114.0,109.0,107.0,105.0,101.0,108.0,106.0,103.0,108.0,112.0,102.0,106.0,101.0,94.0,0,30,False
1649691060000.0,1649692800000.0,101.0,107.0,101.0,100.0,101.0,102.0,103.0,103.0,104.0,90.0,76.0,62.0,107.0,106.0,105.0,67.0,106.0,63.0,88.0,74.0,94.0,99.0,104.0,94.0,83.0,72.0,62.0,70.0,77.0,94.0,0,30,False
1649692860000.0,1649694600000.0,70.0,72.0,108.0,107.0,110.0,113.0,68.0,59.0,80.0,74.0,96.0,81.0,79.0,48.0,108.0,104.0,106.0,77.0,91.0,93.0,82.0,78.0,106.0,101.0,101.0,58.0,66.0,74.0,82.0,90.0,0,30,False
1649694660000.0,1649696400000.0,98.0,106.0,105.0,104.0,103.0,102.0,98.0,70.0,106.0,105.0,51.0,61.0,71.0,72.0,70.0,70.0,70.0,86.0,77.0,104.0,84.0,70.0,74.0,111.0,113.0,115.0,113.0,101.0,109.0,108.0,0,30,False
1649696460000.0,1649698200000.0,108.0,109.0,106.0,102.0,101.0,107.0,101.0,99.0,103.0,71.0,101.0,102.0,102.0,102.0,95.0,99.0,101.0,100.0,76.0,53.0,100.0,101.0,100.0,101.0,98.0,96.0,97.0,77.0,83.0,87.0,0,30,False
1649698260000.0,1649700000000.0,63.0,64.0,65.0,66.0,67.0,68.0,80.0,85.0,90.0,82.0,73.0,65.0,82.0,99.0,99.0,99.0,99.0,99.0,99.0,99.0,95.0,100.0,94.0,92.0,89.0,67.0,83.0,99.0,95.0,74.0,0,30,False
1649700060000.0,1649701800000.0,76.0,104.0,100.0,95.0,96.0,84.0,76.0,67.0,94.0,100.0,96.0,100.0,96.0,92.0,88.0,93.0,96.0,100.0,101.0,99.0,100.0,101.0,100.0,98.0,96.0,95.0,94.0,102.0,97.0,101.0,0,30,False
1649701860000.0,1649703600000.0,97.0,96.0,98.0,99.0,92.0,86.0,82.0,78.0,73.0,69.0,68.0,67.0,83.0,99.0,68.0,70.0,64.0,59.0,81.0,58.0,73.0,87.0,102.0,94.0,57.0,89.0,82.0,76.0,69.0,76.0,0,30,False
1649703660000.0,1649705400000.0,84.0,92.0,99.0,101.0,100.0,99.0,101.0,102.0,104.0,106.0,104.0,102.0,107.0,107.0,107.0,107.0,89.0,93.0,97.0,101.0,101.0,101.0,101.0,101.0,100.0,100.0,100.0,100.0,100.0,100.0,0,30,False
1649705460000.0,1649707200000.0,100.0,100.0,99.0,99.0,99.0,99.0,99.0,99.0,99.0,99.0,99.0,98.0,98.0,98.0,98.0,98.0,98.0,98.0,98.0,98.0,97.0,97.0,97.0,97.0,97.0,97.0,97.0,97.0,96.0,96.0,0,30,False
1649707260000.0,1649709000000.0,96.0,96.0,96.0,96.0,96.0,96.0,96.0,95.0,95.0,95.0,95.0,95.0,95.0,95.0,95.0,94.0,94.0,94.0,94.0,94.0,94.0,94.0,94.0,94.0,93.0,93.0,93.0,93.0,93.0,93.0,0,30,False
1649709060000.0,1649710800000.0,93.0,93.0,92.0,92.0,92.0,92.0,92.0,92.0,92.0,92.0,92.0,91.0,91.0,91.0,91.0,91.0,91.0,91.0,91.0,91.0,90.0,90.0,90.0,90.0,90.0,90.0,90.0,90.0,89.0,89.0,0,30,False
1649710860000.0,1649712600000.0,89.0,89.0,89.0,89.0,89.0,89.0,89.0,88.0,88.0,88.0,88.0,88.0,88.0,88.0,88.0,87.0,87.0,87.0,87.0,87.0,87.0,87.0,87.0,87.0,86.0,86.0,86.0,86.0,86.0,86.0,0,30,False
1649712660000.0,1649714400000.0,86.0,86.0,86.0,85.0,85.0,85.0,85.0,85.0,85.0,85.0,85.0,84.0,84.0,84.0,84.0,84.0,84.0,84.0,84.0,84.0,83.0,83.0,83.0,83.0,83.0,83.0,83.0,83.0,82.0,82.0,0,30,False
1649714460000.0,1649716200000.0,82.0,82.0,82.0,82.0,82.0,82.0,82.0,81.0,81.0,81.0,81.0,81.0,81.0,81.0,81.0,80.0,80.0,80.0,80.0,80.0,80.0,80.0,80.0,80.0,79.0,79.0,79.0,79.0,79.0,79.0,0,30,False
1649716260000.0,1649718000000.0,79.0,79.0,79.0,78.0,78.0,78.0,78.0,78.0,78.0,78.0,78.0,77.0,77.0,77.0,77.0,77.0,84.0,92.0,96.0,94.0,91.0,87.0,84.0,65.0,70.0,75.0,81.0,88.0,93.0,94.0,0,30,False
1649718060000.0,1649719800000.0,94.0,95.0,84.0,86.0,89.0,91.0,95.0,92.0,88.0,93.0,94.0,100.0,95.0,95.0,99.0,96.0,93.0,88.0,85.0,88.0,96.0,103.0,110.0,67.0,71.0,89.0,94.0,94.0,88.0,93.0,0,30,False
1649719860000.0,1649721600000.0,94.0,87.0,89.0,105.0,87.0,81.0,83.0,83.0,83.0,83.0,72.0,68.0,73.0,72.0,81.0,77.0,73.0,65.0,79.0,76.0,78.0,81.0,80.0,79.0,80.0,80.0,81.0,82.0,81.0,80.0,29,1,True
1649721660000.0,1649723400000.0,80.0,79.0,80.0,82.0,80.0,79.0,80.0,81.0,80.0,79.0,80.0,80.0,80.0,80.0,78.0,76.0,77.0,78.0,78.0,78.0,78.0,79.0,79.0,79.0,80.0,81.0,82.0,82.0,86.0,91.0,30,0,True
1649723460000.0,1649725200000.0,84.0,78.0,81.0,84.0,83.0,82.0,81.0,80.0,79.0,78.0,78.0,79.0,74.0,70.0,72.0,74.0,75.0,77.0,78.0,80.0,78.0,77.0,80.0,82.0,80.0,78.0,74.0,69.0,69.0,69.0,30,0,True
1649725260000.0,1649727000000.0,70.0,70.0,70.0,71.0,70.0,69.0,72.0,75.0,73.0,71.0,74.0,77.0,76.0,75.0,74.0,74.0,74.0,74.0,73.0,72.0,75.0,78.0,76.0,73.0,74.0,74.0,75.0,76.0,76.0,76.0,29,1,True
1649727060000.0,1649728800000.0,76.0,75.0,74.0,73.0,72.0,71.0,70.0,68.0,70.0,73.0,75.0,77.0,70.0,62.0,64.0,66.0,69.0,71.0,71.0,71.0,72.0,73.0,72.0,71.0,71.0,71.0,74.0,78.0,81.0,84.0,29,1,True
1649728860000.0,1649730600000.0,82.0,80.0,77.0,75.0,76.0,77.0,79.0,81.0,80.0,79.0,78.0,77.0,74.0,72.0,74.0,76.0,72.0,68.0,66.0,64.0,66.0,69.0,68.0,68.0,70.0,73.0,76.0,78.0,82.0,86.0,30,0,True
1649730660000.0,1649732400000.0,76.0,67.0,65.0,63.0,64.0,64.0,67.0,70.0,74.0,77.0,77.0,77.0,74.0,70.0,70.0,70.0,70.0,70.0,72.0,74.0,76.0,77.0,74.0,71.0,72.0,74.0,76.0,78.0,76.0,75.0,28,2,True
1649732460000.0,1649734200000.0,76.0,77.0,76.0,74.0,76.0,78.0,76.0,75.0,74.0,73.0,72.0,72.0,74.0,76.0,76.0,77.0,88.0,99.0,86.0,74.0,70.0,67.0,68.0,69.0,70.0,72.0,74.0,75.0,72.0,70.0,30,0,True
1649734260000.0,1649736000000.0,71.0,72.0,76.0,80.0,78.0,77.0,75.0,73.0,70.0,68.0,66.0,64.0,74.0,85.0,80.0,76.0,73.0,70.0,72.0,74.0,76.0,78.0,80.0,82.0,81.0,80.0,80.0,80.0,80.0,80.0,26,4,True
1649736060000.0,1649737800000.0,79.0,79.0,79.0,79.0,79.0,79.0,79.0,79.0,79.0,78.0,78.0,78.0,78.0,78.0,78.0,78.0,78.0,77.0,77.0,77.0,77.0,77.0,77.0,77.0,77.0,77.0,76.0,76.0,76.0,76.0,0,30,False
1649737860000.0,1649739600000.0,76.0,76.0,76.0,76.0,76.0,75.0,75.0,75.0,75.0,75.0,75.0,75.0,75.0,74.0,74.0,74.0,74.0,74.0,74.0,74.0,74.0,74.0,73.0,73.0,73.0,73.0,73.0,73.0,73.0,73.0,0,30,False
1649739660000.0,1649741400000.0,73.0,72.0,72.0,72.0,72.0,72.0,72.0,72.0,72.0,71.0,71.0,71.0,71.0,71.0,71.0,71.0,71.0,71.0,70.0,70.0,70.0,70.0,70.0,69.0,114.0,111.0,107.0,104.0,101.0,97.0,0,30,False
1649741460000.0,1649743200000.0,94.0,90.0,87.0,84.0,80.0,77.0,80.0,86.0,92.0,98.0,101.0,107.0,107.0,109.0,109.0,107.0,105.0,101.0,106.0,109.0,111.0,111.0,111.0,115.0,120.0,86.0,52.0,70.0,86.0,102.0,0,30,False
1649743260000.0,1649745000000.0,102.0,102.0,102.0,102.0,100.0,91.0,83.0,74.0,82.0,104.0,55.0,100.0,107.0,105.0,105.0,103.0,102.0,100.0,98.0,95.0,93.0,91.0,94.0,96.0,98.0,101.0,106.0,110.0,106.0,104.0,0,30,False
1649745060000.0,1649746800000.0,92.0,80.0,79.0,85.0,90.0,100.0,104.0,90.0,78.0,67.0,76.0,86.0,81.0,76.0,70.0,65.0,62.0,68.0,101.0,101.0,100.0,100.0,100.0,100.0,64.0,69.0,84.0,66.0,66.0,65.0,0,30,False
1649746860000.0,1649748600000.0,65.0,65.0,64.0,64.0,97.0,101.0,63.0,64.0,91.0,92.0,94.0,95.0,70.0,81.0,102.0,105.0,71.0,95.0,86.0,77.0,98.0,81.0,104.0,82.0,61.0,74.0,82.0,90.0,78.0,70.0,0,30,False
1649748660000.0,1649750400000.0,62.0,55.0,95.0,88.0,82.0,64.0,52.0,78.0,76.0,74.0,72.0,70.0,81.0,93.0,104.0,81.0,84.0,88.0,94.0,95.0,79.0,71.0,71.0,60.0,54.0,48.0,63.0,79.0,94.0,100.0,0,30,False
1649750460000.0,1649752200000.0,100.0,98.0,95.0,95.0,80.0,66.0,83.0,100.0,95.0,90.0,85.0,80.0,105.0,68.0,67.0,64.0,62.0,59.0,56.0,68.0,80.0,79.0,79.0,78.0,64.0,101.0,102.0,70.0,64.0,67.0,0,30,False
1649752260000.0,1649754000000.0,63.0,77.0,89.0,108.0,113.0,114.0,113.0,107.0,103.0,102.0,102.0,101.0,107.0,109.0,105.0,104.0,103.0,104.0,102.0,100.0,100.0,100.0,100.0,100.0,100.0,100.0,100.0,100.0,100.0,100.0,0,30,False
1649754060000.0,1649755800000.0,99.0,99.0,99.0,99.0,99.0,99.0,99.0,99.0,99.0,99.0,99.0,99.0,99.0,99.0,99.0,99.0,99.0,99.0,99.0,99.0,98.0,98.0,98.0,98.0,98.0,98.0,98.0,98.0,98.0,98.0,0,30,False
1649755860000.0,1649757600000.0,98.0,98.0,98.0,98.0,98.0,98.0,98.0,98.0,98.0,98.0,97.0,97.0,97.0,97.0,97.0,97.0,97.0,97.0,97.0,97.0,97.0,97.0,97.0,97.0,97.0,97.0,97.0,97.0,97.0,97.0,0,30,False
1649757660000.0,1649759400000.0,96.0,96.0,96.0,96.0,96.0,96.0,96.0,96.0,96.0,96.0,96.0,96.0,96.0,96.0,96.0,96.0,96.0,96.0,96.0,96.0,95.0,95.0,95.0,95.0,95.0,95.0,95.0,95.0,95.0,95.0,0,30,False
1649759460000.0,1649761200000.0,95.0,95.0,95.0,95.0,95.0,95.0,95.0,95.0,95.0,94.0,94.0,94.0,94.0,94.0,94.0,94.0,94.0,94.0,94.0,94.0,94.0,94.0,94.0,94.0,94.0,94.0,94.0,94.0,94.0,93.0,0,30,False
1649761260000.0,1649763000000.0,93.0,93.0,93.0,93.0,93.0,93.0,93.0,93.0,93.0,93.0,93.0,93.0,93.0,93.0,93.0,93.0,93.0,93.0,93.0,92.0,92.0,92.0,92.0,92.0,92.0,92.0,92.0,92.0,92.0,92.0,0,30,False
1649763060000.0,1649764800000.0,92.0,92.0,92.0,92.0,92.0,92.0,92.0,92.0,92.0,91.0,91.0,91.0,91.0,91.0,91.0,91.0,91.0,91.0,91.0,91.0,91.0,91.0,91.0,91.0,91.0,91.0,91.0,91.0,90.0,90.0,0,30,False
1649764860000.0,1649766600000.0,90.0,90.0,90.0,90.0,90.0,90.0,90.0,90.0,90.0,90.0,90.0,90.0,90.0,90.0,90.0,90.0,90.0,90.0,89.0,89.0,89.0,89.0,89.0,89.0,89.0,89.0,89.0,89.0,89.0,89.0,0,30,False
1649766660000.0,1649768400000.0,89.0,89.0,89.0,89.0,89.0,89.0,89.0,89.0,88.0,88.0,88.0,88.0,88.0,88.0,88.0,88.0,88.0,88.0,88.0,88.0,88.0,88.0,88.0,88.0,88.0,88.0,88.0,88.0,87.0,87.0,0,30,False
1649768460000.0,1649770200000.0,87.0,87.0,87.0,87.0,87.0,87.0,87.0,87.0,87.0,87.0,87.0,87.0,87.0,87.0,87.0,87.0,87.0,87.0,86.0,86.0,86.0,86.0,86.0,86.0,86.0,86.0,86.0,86.0,86.0,86.0,0,30,False
1649770260000.0,1649772000000.0,86.0,86.0,86.0,86.0,86.0,86.0,86.0,85.0,85.0,85.0,85.0,85.0,85.0,85.0,85.0,85.0,85.0,85.0,85.0,85.0,85.0,85.0,85.0,85.0,85.0,85.0,85.0,84.0,84.0,84.0,0,30,False
1649772060000.0,1649773800000.0,84.0,84.0,84.0,84.0,84.0,84.0,84.0,84.0,84.0,84.0,84.0,84.0,84.0,84.0,84.0,84.0,84.0,83.0,83.0,83.0,83.0,83.0,83.0,83.0,83.0,83.0,83.0,83.0,83.0,83.0,0,30,False
1649773860000.0,1649775600000.0,83.0,83.0,83.0,83.0,83.0,83.0,83.0,82.0,82.0,82.0,82.0,82.0,82.0,82.0,82.0,82.0,82.0,82.0,82.0,82.0,82.0,82.0,82.0,82.0,82.0,82.0,81.0,81.0,81.0,81.0,0,30,False
1649775660000.0,1649777400000.0,81.0,81.0,81.0,81.0,81.0,81.0,81.0,81.0,81.0,81.0,81.0,81.0,81.0,81.0,81.0,81.0,80.0,80.0,80.0,80.0,80.0,80.0,80.0,80.0,80.0,80.0,80.0,80.0,80.0,80.0,0,30,False
1649777460000.0,1649779200000.0,80.0,80.0,80.0,80.0,80.0,80.0,79.0,79.0,79.0,79.0,79.0,79.0,79.0,79.0,79.0,79.0,79.0,79.0,79.0,79.0,79.0,79.0,79.0,79.0,79.0,79.0,78.0,78.0,78.0,78.0,0,30,False
1649779260000.0,1649781000000.0,78.0,78.0,78.0,78.0,78.0,78.0,78.0,78.0,78.0,78.0,78.0,78.0,78.0,78.0,78.0,78.0,77.0,77.0,77.0,77.0,77.0,77.0,77.0,77.0,77.0,77.0,87.0,97.0,107.0,102.0,0,30,False
1649781060000.0,1649782800000.0,96.0,99.0,102.0,104.0,107.0,104.0,102.0,102.0,102.0,80.0,57.0,105.0,105.0,70.0,98.0,106.0,108.0,114.0,114.0,65.0,107.0,115.0,115.0,115.0,112.0,108.0,105.0,106.0,109.0,111.0,0,30,False
1649782860000.0,1649784600000.0,114.0,68.0,89.0,110.0,92.0,75.0,57.0,82.0,106.0,110.0,114.0,114.0,115.0,108.0,114.0,91.0,122.0,86.0,95.0,105.0,114.0,51.0,112.0,115.0,98.0,82.0,65.0,64.0,62.0,61.0,0,30,False
1649784660000.0,1649786400000.0,69.0,77.0,90.0,102.0,115.0,55.0,80.0,105.0,91.0,77.0,125.0,119.0,113.0,72.0,59.0,78.0,75.0,63.0,51.0,81.0,93.0,106.0,118.0,126.0,134.0,113.0,120.0,128.0,130.0,131.0,0,30,False
1649786460000.0,1649788200000.0,99.0,67.0,77.0,87.0,96.0,106.0,116.0,108.0,107.0,106.0,105.0,115.0,114.0,114.0,108.0,102.0,96.0,90.0,83.0,77.0,71.0,65.0,94.0,124.0,115.0,117.0,120.0,123.0,116.0,99.0,0,30,False
1649788260000.0,1649790000000.0,105.0,111.0,117.0,127.0,115.0,67.0,84.0,100.0,61.0,136.0,63.0,82.0,101.0,67.0,98.0,109.0,111.0,111.0,115.0,115.0,109.0,103.0,96.0,90.0,84.0,73.0,62.0,80.0,98.0,104.0,0,30,False
1649790060000.0,1649791800000.0,110.0,67.0,95.0,102.0,108.0,110.0,112.0,127.0,118.0,111.0,109.0,106.0,104.0,111.0,118.0,115.0,114.0,124.0,114.0,118.0,108.0,108.0,104.0,108.0,88.0,80.0,101.0,102.0,98.0,93.0,0,30,False
1649791860000.0,1649793600000.0,92.0,92.0,91.0,90.0,101.0,101.0,71.0,69.0,75.0,104.0,102.0,101.0,95.0,89.0,100.0,77.0,90.0,100.0,99.0,101.0,101.0,99.0,100.0,96.0,93.0,87.0,80.0,74.0,68.0,74.0,0,30,False
1649793660000.0,1649795400000.0,75.0,88.0,102.0,99.0,156.0,114.0,73.0,76.0,95.0,96.0,97.0,84.0,63.0,96.0,100.0,99.0,94.0,89.0,102.0,98.0,95.0,98.0,101.0,100.0,100.0,100.0,99.0,100.0,105.0,99.0,0,30,False
1649795460000.0,1649797200000.0,100.0,101.0,101.0,100.0,100.0,100.0,99.0,100.0,100.0,97.0,108.0,100.0,100.0,100.0,99.0,99.0,99.0,99.0,98.0,98.0,98.0,98.0,97.0,97.0,97.0,97.0,96.0,96.0,96.0,95.0,0,30,False
1649797260000.0,1649799000000.0,95.0,95.0,95.0,94.0,94.0,94.0,94.0,93.0,93.0,93.0,93.0,92.0,92.0,92.0,91.0,91.0,91.0,91.0,90.0,90.0,90.0,90.0,89.0,89.0,89.0,89.0,88.0,88.0,88.0,87.0,0,30,False
1649799060000.0,1649800800000.0,87.0,87.0,87.0,86.0,86.0,86.0,86.0,85.0,85.0,85.0,84.0,84.0,84.0,84.0,83.0,83.0,83.0,83.0,82.0,82.0,82.0,82.0,81.0,81.0,81.0,80.0,80.0,80.0,80.0,79.0,0,30,False
1649800860000.0,1649802600000.0,79.0,79.0,79.0,78.0,78.0,78.0,78.0,77.0,77.0,77.0,76.0,76.0,76.0,76.0,75.0,75.0,75.0,75.0,74.0,74.0,74.0,74.0,73.0,73.0,73.0,72.0,72.0,72.0,72.0,71.0,0,30,False
1649802660000.0,1649804400000.0,71.0,71.0,71.0,70.0,70.0,70.0,70.0,69.0,69.0,93.0,84.0,95.0,67.0,72.0,77.0,68.0,93.0,88.0,94.0,93.0,92.0,83.0,86.0,90.0,87.0,87.0,90.0,94.0,93.0,89.0,2,28,False
1649804460000.0,1649806200000.0,88.0,88.0,89.0,94.0,83.0,91.0,87.0,87.0,86.0,85.0,84.0,75.0,80.0,84.0,86.0,87.0,85.0,83.0,85.0,87.0,84.0,81.0,80.0,79.0,80.0,80.0,81.0,82.0,82.0,82.0,30,0,True
1649806260000.0,1649808000000.0,82.0,82.0,82.0,82.0,82.0,81.0,80.0,80.0,82.0,83.0,82.0,81.0,81.0,81.0,82.0,82.0,82.0,82.0,82.0,82.0,82.0,81.0,71.0,61.0,70.0,78.0,86.0,95.0,90.0,85.0,30,0,True
1649808060000.0,1649809800000.0,85.0,86.0,86.0,86.0,82.0,77.0,76.0,76.0,76.0,75.0,74.0,74.0,74.0,73.0,74.0,75.0,76.0,77.0,79.0,81.0,81.0,81.0,80.0,78.0,78.0,79.0,79.0,78.0,78.0,78.0,30,0,True
1649809860000.0,1649811600000.0,79.0,80.0,78.0,76.0,74.0,72.0,72.0,73.0,74.0,74.0,74.0,73.0,74.0,74.0,76.0,78.0,76.0,75.0,73.0,71.0,73.0,75.0,77.0,79.0,76.0,74.0,76.0,79.0,77.0,75.0,29,1,True
1649811660000.0,1649813400000.0,75.0,75.0,76.0,77.0,75.0,73.0,74.0,75.0,74.0,74.0,72.0,70.0,70.0,71.0,72.0,74.0,76.0,78.0,80.0,82.0,82.0,81.0,79.0,76.0,74.0,72.0,74.0,76.0,76.0,76.0,29,1,True
1649813460000.0,1649815200000.0,80.0,83.0,78.0,74.0,73.0,72.0,77.0,82.0,72.0,62.0,72.0,81.0,78.0,74.0,76.0,78.0,74.0,70.0,72.0,73.0,71.0,69.0,74.0,78.0,77.0,76.0,78.0,80.0,80.0,81.0,29,1,True
1649815260000.0,1649817000000.0,77.0,73.0,72.0,72.0,72.0,72.0,72.0,72.0,72.0,71.0,72.0,74.0,74.0,74.0,74.0,74.0,72.0,70.0,72.0,74.0,72.0,71.0,72.0,74.0,72.0,71.0,73.0,75.0,74.0,73.0,30,0,True
1649817060000.0,1649818800000.0,73.0,74.0,74.0,74.0,75.0,75.0,73.0,71.0,70.0,70.0,72.0,73.0,74.0,76.0,74.0,71.0,74.0,76.0,76.0,76.0,76.0,76.0,76.0,77.0,76.0,76.0,72.0,69.0,70.0,71.0,29,1,True
1649818860000.0,1649820600000.0,77.0,81.0,81.0,81.0,79.0,77.0,74.0,72.0,68.0,64.0,72.0,79.0,82.0,84.0,82.0,79.0,84.0,88.0,84.0,79.0,75.0,80.0,78.0,76.0,75.0,74.0,76.0,78.0,76.0,74.0,30,0,True
1649820660000.0,1649822400000.0,72.0,70.0,72.0,74.0,77.0,80.0,80.0,81.0,80.0,79.0,77.0,75.0,78.0,82.0,78.0,75.0,85.0,95.0,85.0,75.0,73.0,71.0,78.0,85.0,86.0,88.0,86.0,83.0,80.0,78.0,30,0,True
1649822460000.0,1649824200000.0,76.0,75.0,76.0,77.0,77.0,77.0,78.0,80.0,82.0,83.0,80.0,77.0,80.0,83.0,86.0,88.0,82.0,76.0,79.0,82.0,82.0,82.0,81.0,80.0,82.0,84.0,84.0,85.0,86.0,86.0,30,0,True
1649824260000.0,1649826000000.0,84.0,83.0,83.0,83.0,81.0,79.0,81.0,83.0,81.0,79.0,78.0,78.0,80.0,82.0,79.0,76.0,80.0,84.0,84.0,84.0,83.0,83.0,78.0,74.0,76.0,77.0,82.0,86.0,83.0,80.0,30,0,True
1649826060000.0,1649827800000.0,78.0,75.0,77.0,79.0,80.0,81.0,82.0,83.0,78.0,74.0,84.0,94.0,88.0,83.0,81.0,79.0,74.0,70.0,74.0,79.0,80.0,80.0,80.0,81.0,81.0,81.0,82.0,83.0,83.0,83.0,30,0,True
1649827860000.0,1649829600000.0,84.0,84.0,82.0,79.0,80.0,82.0,80.0,79.0,81.0,83.0,83.0,83.0,83.0,83.0,85.0,87.0,86.0,84.0,82.0,80.0,81.0,82.0,78.0,73.0,76.0,78.0,80.0,82.0,81.0,80.0,30,0,True
1649829660000.0,1649831400000.0,80.0,79.0,79.0,79.0,80.0,81.0,78.0,75.0,78.0,82.0,78.0,75.0,77.0,79.0,75.0,81.0,71.0,68.0,65.0,63.0,60.0,57.0,75.0,78.0,70.0,63.0,70.0,78.0,95.0,74.0,29,1,True
1649831460000.0,1649833200000.0,78.0,77.0,78.0,87.0,93.0,98.0,95.0,92.0,89.0,86.0,82.0,79.0,76.0,73.0,70.0,68.0,73.0,78.0,82.0,87.0,89.0,97.0,94.0,92.0,90.0,87.0,84.0,82.0,80.0,77.0,29,1,True
1649833260000.0,1649835000000.0,78.0,85.0,93.0,100.0,98.0,95.0,70.0,93.0,97.0,100.0,99.0,94.0,94.0,87.0,99.0,77.0,88.0,106.0,106.0,106.0,106.0,106.0,106.0,106.0,106.0,106.0,106.0,106.0,106.0,106.0,18,12,True
1649835060000.0,1649836800000.0,106.0,106.0,106.0,106.0,106.0,106.0,106.0,107.0,107.0,107.0,107.0,107.0,107.0,107.0,107.0,107.0,107.0,107.0,107.0,107.0,107.0,107.0,107.0,107.0,107.0,107.0,107.0,107.0,107.0,107.0,0,30,False
1649836860000.0,1649838600000.0,107.0,107.0,107.0,107.0,107.0,107.0,107.0,107.0,107.0,107.0,107.0,107.0,107.0,107.0,107.0,107.0,108.0,108.0,108.0,108.0,108.0,108.0,108.0,108.0,108.0,108.0,108.0,108.0,108.0,108.0,0,30,False
1649838660000.0,1649840400000.0,108.0,108.0,108.0,108.0,108.0,108.0,108.0,108.0,108.0,108.0,108.0,108.0,108.0,108.0,108.0,108.0,108.0,108.0,108.0,108.0,108.0,108.0,108.0,108.0,108.0,109.0,109.0,109.0,109.0,109.0,0,30,False
1649840460000.0,1649842200000.0,109.0,109.0,109.0,109.0,109.0,109.0,109.0,109.0,109.0,109.0,109.0,109.0,109.0,109.0,109.0,109.0,109.0,109.0,109.0,109.0,109.0,109.0,109.0,109.0,109.0,109.0,109.0,109.0,109.0,109.0,0,30,False
1649842260000.0,1649844000000.0,109.0,109.0,109.0,109.0,110.0,110.0,110.0,110.0,110.0,110.0,110.0,110.0,110.0,110.0,110.0,110.0,110.0,110.0,110.0,110.0,110.0,110.0,110.0,110.0,110.0,110.0,110.0,110.0,110.0,110.0,0,30,False
1649844060000.0,1649845800000.0,110.0,110.0,110.0,110.0,110.0,110.0,110.0,110.0,110.0,110.0,110.0,110.0,110.0,111.0,111.0,111.0,111.0,111.0,111.0,111.0,111.0,111.0,111.0,111.0,111.0,111.0,111.0,111.0,111.0,111.0,0,30,False
1649845860000.0,1649847600000.0,111.0,111.0,111.0,111.0,111.0,111.0,111.0,111.0,111.0,111.0,111.0,111.0,111.0,111.0,111.0,111.0,111.0,111.0,111.0,111.0,111.0,111.0,112.0,112.0,112.0,112.0,112.0,112.0,112.0,112.0,0,30,False
1649847660000.0,1649849400000.0,112.0,112.0,112.0,112.0,112.0,112.0,112.0,112.0,112.0,112.0,112.0,112.0,112.0,112.0,112.0,112.0,112.0,112.0,112.0,112.0,112.0,112.0,112.0,112.0,112.0,112.0,112.0,112.0,112.0,112.0,0,30,False
1649849460000.0,1649851200000.0,112.0,113.0,113.0,113.0,113.0,113.0,113.0,113.0,113.0,113.0,113.0,113.0,113.0,113.0,113.0,113.0,113.0,113.0,113.0,113.0,113.0,113.0,113.0,113.0,113.0,113.0,113.0,113.0,113.0,113.0,0,30,False
1649851260000.0,1649853000000.0,113.0,113.0,113.0,113.0,113.0,113.0,113.0,113.0,113.0,113.0,114.0,114.0,114.0,114.0,114.0,114.0,114.0,114.0,114.0,114.0,114.0,114.0,114.0,114.0,114.0,114.0,114.0,114.0,114.0,114.0,0,30,False
1649853060000.0,1649854800000.0,114.0,114.0,114.0,114.0,114.0,114.0,114.0,114.0,114.0,114.0,114.0,114.0,114.0,114.0,114.0,114.0,114.0,114.0,114.0,115.0,115.0,115.0,115.0,115.0,115.0,115.0,115.0,115.0,115.0,115.0,0,30,False
1649854860000.0,1649856600000.0,115.0,115.0,115.0,115.0,115.0,115.0,115.0,115.0,115.0,115.0,115.0,115.0,115.0,115.0,115.0,115.0,115.0,115.0,115.0,115.0,115.0,115.0,115.0,115.0,115.0,115.0,115.0,115.0,116.0,116.0,0,30,False
1649856660000.0,1649858400000.0,116.0,116.0,116.0,116.0,116.0,116.0,116.0,116.0,116.0,116.0,116.0,116.0,116.0,116.0,116.0,116.0,116.0,116.0,121.0,114.0,108.0,102.0,95.0,88.0,81.0,74.0,88.0,101.0,106.0,101.0,0,30,False
1649858460000.0,1649860200000.0,102.0,99.0,102.0,101.0,92.0,77.0,82.0,82.0,78.0,66.0,53.0,83.0,85.0,84.0,96.0,107.0,99.0,96.0,99.0,100.0,99.0,96.0,100.0,93.0,95.0,93.0,93.0,94.0,99.0,93.0,0,30,False
1649860260000.0,1649862000000.0,89.0,89.0,90.0,90.0,89.0,88.0,88.0,88.0,90.0,93.0,88.0,84.0,86.0,88.0,88.0,89.0,88.0,87.0,85.0,83.0,86.0,88.0,88.0,88.0,88.0,88.0,88.0,89.0,91.0,93.0,0,30,False
1649862060000.0,1649863800000.0,88.0,83.0,86.0,88.0,88.0,89.0,91.0,93.0,88.0,82.0,84.0,86.0,89.0,92.0,91.0,90.0,90.0,89.0,88.0,88.0,88.0,87.0,88.0,89.0,86.0,84.0,88.0,93.0,90.0,88.0,0,30,False
1649863860000.0,1649865600000.0,86.0,85.0,87.0,89.0,87.0,85.0,86.0,87.0,84.0,82.0,86.0,89.0,88.0,87.0,86.0,84.0,90.0,97.0,92.0,87.0,90.0,92.0,90.0,88.0,87.0,86.0,87.0,88.0,86.0,84.0,0,30,False
1649865660000.0,1649867400000.0,86.0,89.0,90.0,92.0,88.0,84.0,86.0,87.0,86.0,85.0,88.0,92.0,88.0,83.0,86.0,88.0,88.0,89.0,91.0,93.0,90.0,88.0,86.0,84.0,82.0,80.0,84.0,87.0,88.0,89.0,0,30,False
1649867460000.0,1649869200000.0,88.0,88.0,90.0,92.0,90.0,88.0,88.0,88.0,87.0,87.0,88.0,88.0,88.0,89.0,88.0,87.0,88.0,89.0,84.0,79.0,81.0,83.0,85.0,87.0,88.0,88.0,86.0,83.0,83.0,83.0,0,30,False
1649869260000.0,1649871000000.0,86.0,89.0,86.0,82.0,84.0,87.0,86.0,86.0,84.0,82.0,84.0,85.0,86.0,88.0,90.0,93.0,90.0,87.0,86.0,86.0,84.0,83.0,84.0,86.0,87.0,88.0,86.0,83.0,88.0,94.0,0,30,False
1649871060000.0,1649872800000.0,92.0,90.0,86.0,83.0,88.0,94.0,94.0,95.0,94.0,92.0,90.0,89.0,88.0,86.0,82.0,77.0,77.0,77.0,77.0,77.0,77.0,77.0,77.0,77.0,77.0,77.0,77.0,77.0,77.0,77.0,0,30,False
1649872860000.0,1649874600000.0,77.0,77.0,77.0,77.0,77.0,77.0,77.0,77.0,77.0,77.0,77.0,77.0,77.0,77.0,77.0,77.0,77.0,77.0,77.0,77.0,77.0,77.0,77.0,77.0,77.0,77.0,77.0,77.0,77.0,77.0,0,30,False
1649874660000.0,1649876400000.0,77.0,77.0,77.0,77.0,77.0,77.0,77.0,77.0,77.0,77.0,77.0,77.0,77.0,77.0,77.0,77.0,77.0,77.0,77.0,77.0,77.0,77.0,77.0,77.0,77.0,77.0,77.0,77.0,77.0,77.0,0,30,False
1649876460000.0,1649878200000.0,77.0,77.0,77.0,77.0,77.0,77.0,77.0,77.0,77.0,77.0,77.0,77.0,77.0,77.0,77.0,77.0,77.0,77.0,77.0,77.0,77.0,77.0,77.0,77.0,77.0,77.0,77.0,77.0,77.0,77.0,0,30,False
1649878260000.0,1649880000000.0,77.0,77.0,77.0,77.0,77.0,77.0,77.0,77.0,77.0,77.0,77.0,77.0,77.0,77.0,77.0,77.0,77.0,77.0,77.0,77.0,77.0,77.0,77.0,77.0,77.0,77.0,77.0,77.0,77.0,77.0,0,30,False
1649880060000.0,1649881800000.0,77.0,77.0,77.0,77.0,77.0,77.0,77.0,77.0,77.0,77.0,77.0,77.0,77.0,77.0,77.0,77.0,77.0,77.0,77.0,77.0,77.0,77.0,77.0,77.0,77.0,77.0,77.0,77.0,77.0,77.0,0,30,False
1649881860000.0,1649883600000.0,77.0,77.0,77.0,77.0,77.0,77.0,77.0,77.0,77.0,78.0,78.0,78.0,78.0,78.0,78.0,78.0,78.0,78.0,78.0,78.0,78.0,78.0,78.0,78.0,78.0,78.0,78.0,78.0,78.0,78.0,0,30,False
1649883660000.0,1649885400000.0,78.0,78.0,78.0,78.0,78.0,78.0,78.0,78.0,78.0,78.0,78.0,78.0,78.0,78.0,78.0,78.0,78.0,78.0,78.0,78.0,78.0,78.0,78.0,78.0,78.0,78.0,78.0,78.0,78.0,78.0,0,30,False
1649885460000.0,1649887200000.0,78.0,78.0,78.0,78.0,78.0,78.0,78.0,78.0,78.0,78.0,78.0,78.0,78.0,78.0,78.0,78.0,78.0,78.0,78.0,78.0,78.0,78.0,78.0,78.0,78.0,78.0,78.0,78.0,78.0,78.0,0,30,False
1649887260000.0,1649889000000.0,78.0,78.0,78.0,78.0,78.0,78.0,78.0,78.0,78.0,78.0,78.0,78.0,78.0,78.0,78.0,78.0,78.0,78.0,78.0,78.0,78.0,78.0,78.0,78.0,78.0,78.0,78.0,78.0,78.0,78.0,0,30,False
1649889060000.0,1649890800000.0,78.0,78.0,78.0,78.0,78.0,78.0,78.0,78.0,78.0,78.0,78.0,78.0,78.0,78.0,78.0,78.0,78.0,78.0,78.0,78.0,78.0,78.0,78.0,78.0,78.0,78.0,78.0,78.0,78.0,78.0,0,30,False
1649890860000.0,1649892600000.0,78.0,78.0,78.0,78.0,78.0,78.0,78.0,78.0,78.0,78.0,78.0,78.0,78.0,78.0,78.0,78.0,78.0,78.0,78.0,78.0,78.0,78.0,78.0,78.0,78.0,78.0,78.0,78.0,78.0,78.0,0,30,False
1649892660000.0,1649894400000.0,78.0,78.0,78.0,78.0,78.0,78.0,76.0,74.0,72.0,69.0,72.0,74.0,74.0,75.0,81.0,87.0,80.0,72.0,74.0,75.0,75.0,75.0,75.0,75.0,76.0,77.0,77.0,77.0,76.0,75.0,27,3,True
1649894460000.0,1649896200000.0,76.0,76.0,76.0,76.0,75.0,75.0,72.0,68.0,70.0,71.0,70.0,69.0,72.0,74.0,75.0,76.0,70.0,63.0,66.0,70.0,70.0,70.0,70.0,70.0,72.0,73.0,72.0,71.0,70.0,70.0,30,0,True
1649896260000.0,1649898000000.0,70.0,69.0,74.0,78.0,74.0,71.0,70.0,70.0,70.0,69.0,68.0,68.0,68.0,68.0,71.0,74.0,74.0,74.0,74.0,73.0,74.0,74.0,72.0,70.0,72.0,73.0,74.0,75.0,69.0,63.0,29,1,True
1649898060000.0,1649899800000.0,68.0,72.0,70.0,69.0,70.0,71.0,71.0,71.0,70.0,69.0,72.0,76.0,76.0,76.0,73.0,70.0,72.0,75.0,74.0,74.0,74.0,74.0,72.0,71.0,74.0,77.0,74.0,71.0,72.0,74.0,30,0,True
1649899860000.0,1649901600000.0,73.0,72.0,72.0,71.0,73.0,75.0,75.0,75.0,75.0,75.0,74.0,73.0,72.0,70.0,74.0,78.0,77.0,76.0,67.0,89.0,86.0,82.0,79.0,76.0,76.0,75.0,77.0,79.0,83.0,87.0,29,1,True
1649901660000.0,1649903400000.0,76.0,64.0,68.0,71.0,71.0,71.0,66.0,62.0,72.0,82.0,73.0,64.0,76.0,87.0,78.0,68.0,71.0,74.0,74.0,73.0,74.0,74.0,72.0,70.0,72.0,74.0,78.0,83.0,77.0,71.0,30,0,True
1649903460000.0,1649905200000.0,71.0,71.0,71.0,71.0,71.0,71.0,72.0,74.0,76.0,78.0,78.0,79.0,77.0,75.0,76.0,78.0,80.0,82.0,78.0,74.0,76.0,79.0,80.0,82.0,80.0,79.0,79.0,79.0,80.0,82.0,30,0,True
1649905260000.0,1649907000000.0,80.0,78.0,80.0,81.0,82.0,82.0,82.0,83.0,82.0,82.0,83.0,84.0,84.0,85.0,82.0,79.0,80.0,82.0,80.0,79.0,80.0,82.0,82.0,82.0,82.0,81.0,80.0,79.0,81.0,83.0,30,0,True
1649907060000.0,1649908800000.0,82.0,82.0,82.0,83.0,82.0,81.0,81.0,81.0,81.0,81.0,81.0,81.0,81.0,81.0,81.0,81.0,81.0,81.0,81.0,81.0,81.0,81.0,81.0,81.0,81.0,81.0,81.0,81.0,81.0,81.0,6,24,False
1649908860000.0,1649910600000.0,81.0,81.0,81.0,81.0,81.0,81.0,81.0,81.0,81.0,81.0,81.0,81.0,81.0,81.0,81.0,81.0,81.0,81.0,81.0,81.0,81.0,81.0,81.0,81.0,81.0,81.0,81.0,81.0,81.0,81.0,0,30,False
1649910660000.0,1649912400000.0,81.0,81.0,81.0,81.0,81.0,81.0,81.0,81.0,81.0,81.0,81.0,81.0,81.0,81.0,81.0,81.0,81.0,81.0,81.0,81.0,81.0,81.0,81.0,80.0,80.0,80.0,80.0,80.0,80.0,80.0,0,30,False
1649912460000.0,1649914200000.0,80.0,80.0,80.0,80.0,80.0,80.0,80.0,80.0,80.0,80.0,80.0,80.0,80.0,80.0,80.0,80.0,80.0,80.0,80.0,80.0,80.0,80.0,80.0,80.0,80.0,80.0,80.0,80.0,80.0,80.0,0,30,False
1649914260000.0,1649916000000.0,80.0,80.0,80.0,80.0,80.0,80.0,80.0,80.0,80.0,80.0,80.0,80.0,80.0,80.0,80.0,80.0,80.0,80.0,80.0,80.0,80.0,80.0,80.0,80.0,80.0,80.0,80.0,80.0,80.0,80.0,0,30,False
1649916060000.0,1649917800000.0,80.0,80.0,80.0,80.0,80.0,80.0,80.0,80.0,80.0,80.0,80.0,80.0,80.0,80.0,80.0,80.0,80.0,80.0,80.0,80.0,80.0,80.0,80.0,80.0,80.0,80.0,80.0,80.0,80.0,80.0,0,30,False
1649917860000.0,1649919600000.0,80.0,80.0,80.0,80.0,80.0,80.0,80.0,80.0,80.0,80.0,80.0,80.0,80.0,80.0,80.0,80.0,80.0,80.0,80.0,80.0,80.0,80.0,80.0,80.0,80.0,80.0,80.0,80.0,80.0,80.0,0,30,False
1649919660000.0,1649921400000.0,80.0,80.0,80.0,80.0,80.0,80.0,80.0,80.0,80.0,80.0,80.0,80.0,80.0,80.0,80.0,80.0,80.0,80.0,80.0,80.0,80.0,80.0,80.0,80.0,80.0,80.0,80.0,80.0,80.0,79.0,0,30,False
1649921460000.0,1649923200000.0,79.0,79.0,79.0,79.0,79.0,79.0,79.0,79.0,79.0,79.0,79.0,79.0,79.0,79.0,79.0,79.0,79.0,79.0,79.0,79.0,79.0,79.0,79.0,79.0,79.0,79.0,79.0,79.0,79.0,79.0,0,30,False
1649923260000.0,1649925000000.0,79.0,79.0,79.0,79.0,79.0,79.0,79.0,79.0,79.0,79.0,79.0,79.0,79.0,79.0,79.0,79.0,79.0,79.0,79.0,79.0,79.0,79.0,79.0,79.0,79.0,79.0,79.0,79.0,79.0,79.0,0,30,False
1649925060000.0,1649926800000.0,79.0,79.0,79.0,79.0,79.0,79.0,79.0,79.0,79.0,79.0,79.0,79.0,79.0,79.0,79.0,79.0,79.0,79.0,79.0,79.0,79.0,79.0,79.0,79.0,79.0,79.0,79.0,79.0,79.0,79.0,0,30,False
1649926860000.0,1649928600000.0,79.0,79.0,79.0,79.0,79.0,79.0,79.0,79.0,79.0,79.0,79.0,79.0,79.0,79.0,79.0,79.0,79.0,79.0,79.0,79.0,79.0,79.0,79.0,79.0,79.0,79.0,79.0,79.0,79.0,79.0,0,30,False
1649928660000.0,1649930400000.0,79.0,79.0,79.0,79.0,79.0,79.0,79.0,79.0,79.0,79.0,79.0,79.0,79.0,79.0,79.0,79.0,79.0,79.0,79.0,79.0,79.0,79.0,79.0,79.0,79.0,79.0,79.0,79.0,79.0,79.0,0,30,False
1649930460000.0,1649932200000.0,79.0,79.0,79.0,79.0,78.0,78.0,78.0,78.0,78.0,78.0,78.0,78.0,78.0,78.0,78.0,78.0,78.0,78.0,78.0,78.0,78.0,78.0,78.0,78.0,78.0,78.0,78.0,78.0,78.0,78.0,0,30,False
1649932260000.0,1649934000000.0,78.0,78.0,78.0,78.0,78.0,78.0,78.0,78.0,78.0,78.0,78.0,78.0,78.0,78.0,78.0,78.0,78.0,78.0,78.0,78.0,78.0,78.0,78.0,78.0,78.0,78.0,78.0,78.0,78.0,78.0,0,30,False
1649934060000.0,1649935800000.0,78.0,78.0,78.0,78.0,78.0,78.0,78.0,78.0,78.0,78.0,78.0,78.0,78.0,78.0,78.0,78.0,78.0,78.0,78.0,78.0,78.0,78.0,85.0,92.0,100.0,107.0,104.0,102.0,103.0,104.0,0,30,False
1649935860000.0,1649937600000.0,106.0,107.0,114.0,69.0,108.0,106.0,106.0,106.0,106.0,106.0,106.0,101.0,101.0,101.0,108.0,107.0,108.0,113.0,88.0,73.0,71.0,78.0,113.0,75.0,114.0,114.0,109.0,114.0,113.0,113.0,0,30,False
1649937660000.0,1649939400000.0,114.0,105.0,115.0,91.0,67.0,72.0,70.0,69.0,67.0,61.0,78.0,96.0,86.0,96.0,105.0,98.0,92.0,85.0,78.0,72.0,65.0,82.0,100.0,117.0,92.0,66.0,75.0,98.0,122.0,116.0,0,30,False
1649939460000.0,1649941200000.0,112.0,112.0,113.0,113.0,114.0,114.0,86.0,57.0,60.0,62.0,65.0,67.0,70.0,124.0,116.0,108.0,105.0,102.0,100.0,97.0,98.0,99.0,100.0,100.0,101.0,102.0,103.0,94.0,102.0,110.0,0,30,False
1649941260000.0,1649943000000.0,89.0,122.0,108.0,110.0,92.0,103.0,97.0,115.0,108.0,72.0,125.0,106.0,107.0,82.0,81.0,85.0,68.0,71.0,64.0,128.0,113.0,102.0,98.0,70.0,77.0,91.0,96.0,99.0,53.0,80.0,0,30,False
1649943060000.0,1649944800000.0,70.0,74.0,72.0,71.0,70.0,70.0,68.0,68.0,68.0,68.0,67.0,67.0,67.0,67.0,65.0,50.0,82.0,94.0,97.0,101.0,105.0,106.0,107.0,109.0,108.0,107.0,106.0,105.0,106.0,105.0,0,30,False
1649944860000.0,1649946600000.0,106.0,107.0,79.0,76.0,72.0,69.0,66.0,64.0,106.0,107.0,107.0,107.0,108.0,104.0,99.0,101.0,103.0,106.0,108.0,110.0,112.0,108.0,108.0,87.0,108.0,109.0,107.0,107.0,114.0,107.0,0,30,False
1649946660000.0,1649948400000.0,105.0,103.0,108.0,113.0,77.0,107.0,86.0,70.0,71.0,71.0,71.0,71.0,71.0,71.0,71.0,71.0,71.0,71.0,71.0,71.0,71.0,71.0,71.0,71.0,71.0,71.0,71.0,71.0,71.0,71.0,0,30,False
1649948460000.0,1649950200000.0,71.0,71.0,71.0,71.0,71.0,71.0,71.0,71.0,71.0,71.0,71.0,71.0,71.0,71.0,71.0,71.0,71.0,71.0,71.0,71.0,71.0,71.0,71.0,71.0,71.0,71.0,71.0,71.0,71.0,71.0,0,30,False
1649950260000.0,1649952000000.0,71.0,71.0,71.0,71.0,71.0,71.0,71.0,71.0,71.0,71.0,71.0,71.0,71.0,71.0,71.0,71.0,71.0,71.0,71.0,71.0,71.0,71.0,71.0,71.0,71.0,71.0,71.0,71.0,71.0,71.0,0,30,False
1649952060000.0,1649953800000.0,71.0,71.0,71.0,72.0,72.0,72.0,72.0,72.0,72.0,72.0,72.0,72.0,72.0,72.0,72.0,72.0,72.0,72.0,72.0,72.0,72.0,72.0,72.0,72.0,72.0,72.0,72.0,72.0,72.0,72.0,0,30,False
1649953860000.0,1649955600000.0,72.0,72.0,72.0,72.0,72.0,72.0,72.0,72.0,72.0,72.0,72.0,72.0,72.0,72.0,72.0,72.0,72.0,72.0,72.0,72.0,72.0,72.0,72.0,72.0,72.0,72.0,72.0,72.0,72.0,72.0,0,30,False
1649955660000.0,1649957400000.0,72.0,72.0,72.0,72.0,72.0,72.0,72.0,72.0,72.0,72.0,72.0,72.0,72.0,72.0,72.0,72.0,72.0,72.0,72.0,72.0,72.0,72.0,72.0,72.0,72.0,72.0,72.0,72.0,72.0,72.0,0,30,False
1649957460000.0,1649959200000.0,72.0,72.0,72.0,72.0,72.0,72.0,72.0,72.0,72.0,72.0,72.0,72.0,72.0,72.0,72.0,72.0,72.0,72.0,72.0,72.0,72.0,72.0,72.0,72.0,72.0,72.0,72.0,72.0,72.0,72.0,0,30,False
1649959260000.0,1649961000000.0,72.0,72.0,72.0,72.0,72.0,72.0,72.0,72.0,72.0,72.0,72.0,72.0,72.0,72.0,72.0,72.0,72.0,72.0,72.0,72.0,72.0,72.0,72.0,72.0,72.0,72.0,72.0,72.0,72.0,72.0,0,30,False
1649961060000.0,1649962800000.0,72.0,72.0,72.0,72.0,72.0,72.0,72.0,72.0,72.0,72.0,72.0,72.0,72.0,72.0,72.0,72.0,72.0,72.0,72.0,72.0,72.0,72.0,72.0,73.0,73.0,73.0,73.0,73.0,73.0,73.0,0,30,False
1649962860000.0,1649964600000.0,73.0,73.0,73.0,73.0,73.0,73.0,73.0,73.0,73.0,73.0,73.0,73.0,73.0,73.0,73.0,73.0,73.0,73.0,73.0,73.0,73.0,73.0,73.0,73.0,73.0,73.0,73.0,73.0,73.0,73.0,0,30,False
1649964660000.0,1649966400000.0,73.0,73.0,73.0,73.0,73.0,73.0,73.0,73.0,73.0,73.0,73.0,73.0,73.0,73.0,73.0,73.0,73.0,73.0,73.0,73.0,73.0,73.0,73.0,73.0,73.0,73.0,73.0,73.0,73.0,73.0,0,30,False
1649966460000.0,1649968200000.0,73.0,73.0,73.0,73.0,73.0,73.0,73.0,73.0,73.0,73.0,73.0,73.0,73.0,73.0,73.0,73.0,73.0,73.0,73.0,73.0,73.0,73.0,73.0,73.0,73.0,73.0,73.0,73.0,73.0,73.0,0,30,False
1649968260000.0,1649970000000.0,73.0,73.0,73.0,73.0,73.0,73.0,73.0,73.0,73.0,73.0,73.0,73.0,73.0,73.0,73.0,73.0,73.0,73.0,73.0,73.0,73.0,73.0,73.0,73.0,73.0,73.0,73.0,73.0,73.0,73.0,0,30,False
1649970060000.0,1649971800000.0,73.0,73.0,73.0,73.0,73.0,73.0,73.0,73.0,73.0,73.0,73.0,73.0,73.0,73.0,73.0,73.0,73.0,73.0,73.0,73.0,73.0,73.0,73.0,73.0,73.0,73.0,73.0,73.0,73.0,73.0,0,30,False
1649971860000.0,1649973600000.0,73.0,73.0,73.0,73.0,73.0,73.0,73.0,73.0,73.0,73.0,73.0,73.0,73.0,74.0,74.0,74.0,74.0,74.0,74.0,74.0,74.0,74.0,74.0,74.0,74.0,74.0,74.0,74.0,74.0,74.0,0,30,False
1649973660000.0,1649975400000.0,74.0,74.0,74.0,74.0,74.0,74.0,74.0,74.0,74.0,74.0,74.0,74.0,74.0,74.0,74.0,74.0,74.0,74.0,74.0,74.0,74.0,74.0,74.0,74.0,74.0,74.0,74.0,74.0,74.0,74.0,0,30,False
1649975460000.0,1649977200000.0,74.0,74.0,74.0,74.0,74.0,74.0,74.0,74.0,74.0,74.0,74.0,74.0,74.0,74.0,74.0,74.0,74.0,74.0,74.0,74.0,74.0,74.0,74.0,74.0,74.0,74.0,74.0,74.0,74.0,74.0,0,30,False
1649977260000.0,1649979000000.0,74.0,74.0,74.0,74.0,74.0,74.0,74.0,74.0,97.0,87.0,77.0,75.0,73.0,74.0,74.0,73.0,72.0,74.0,77.0,75.0,74.0,72.0,70.0,74.0,77.0,76.0,75.0,75.0,75.0,72.0,20,10,True
1649979060000.0,1649980800000.0,68.0,74.0,80.0,78.0,76.0,73.0,70.0,70.0,70.0,71.0,72.0,70.0,69.0,70.0,70.0,72.0,73.0,73.0,73.0,73.0,73.0,68.0,62.0,68.0,73.0,76.0,79.0,74.0,68.0,70.0,30,0,True
1649980860000.0,1649982600000.0,71.0,70.0,70.0,69.0,68.0,72.0,77.0,76.0,74.0,74.0,74.0,74.0,75.0,75.0,75.0,73.0,71.0,74.0,78.0,74.0,71.0,70.0,70.0,74.0,78.0,74.0,71.0,70.0,69.0,70.0,30,0,True
1649982660000.0,1649984400000.0,72.0,75.0,78.0,72.0,67.0,69.0,71.0,74.0,77.0,76.0,76.0,76.0,76.0,74.0,72.0,71.0,70.0,72.0,75.0,72.0,69.0,71.0,73.0,74.0,74.0,74.0,74.0,70.0,66.0,68.0,30,0,True
1649984460000.0,1649986200000.0,71.0,71.0,71.0,71.0,71.0,72.0,74.0,72.0,71.0,70.0,70.0,70.0,70.0,70.0,69.0,72.0,74.0,72.0,69.0,94.0,85.0,76.0,67.0,66.0,64.0,64.0,64.0,64.0,65.0,66.0,30,0,True
1649986260000.0,1649988000000.0,66.0,66.0,67.0,63.0,58.0,54.0,50.0,59.0,68.0,66.0,63.0,62.0,62.0,67.0,72.0,77.0,82.0,87.0,92.0,88.0,84.0,80.0,76.0,72.0,68.0,68.0,68.0,69.0,70.0,72.0,28,2,True
1649988060000.0,1649989800000.0,74.0,76.0,78.0,72.0,65.0,68.0,72.0,70.0,67.0,69.0,71.0,73.0,75.0,72.0,69.0,67.0,65.0,64.0,63.0,66.0,68.0,68.0,68.0,66.0,64.0,66.0,68.0,68.0,68.0,68.0,29,1,True
1649989860000.0,1649991600000.0,68.0,66.0,64.0,64.0,64.0,60.0,57.0,60.0,64.0,65.0,66.0,66.0,66.0,64.0,63.0,63.0,63.0,64.0,64.0,66.0,69.0,66.0,63.0,63.0,63.0,63.0,63.0,63.0,63.0,64.0,30,0,True
1649991660000.0,1649993400000.0,64.0,64.0,64.0,64.0,64.0,63.0,63.0,64.0,66.0,66.0,65.0,64.0,63.0,66.0,69.0,70.0,70.0,68.0,67.0,64.0,61.0,64.0,66.0,66.0,66.0,64.0,63.0,64.0,66.0,69.0,29,1,True
1649993460000.0,1649995200000.0,72.0,70.0,69.0,70.0,72.0,70.0,69.0,70.0,70.0,67.0,64.0,82.0,99.0,86.0,73.0,73.0,73.0,74.0,74.0,74.0,74.0,72.0,71.0,68.0,65.0,70.0,74.0,68.0,63.0,66.0,30,0,True
1649995260000.0,1649997000000.0,70.0,72.0,75.0,74.0,74.0,70.0,67.0,68.0,68.0,71.0,74.0,72.0,70.0,72.0,73.0,74.0,74.0,72.0,71.0,71.0,71.0,69.0,67.0,66.0,65.0,70.0,74.0,72.0,70.0,66.0,30,0,True
1649997060000.0,1649998800000.0,63.0,63.0,63.0,64.0,66.0,65.0,64.0,64.0,63.0,64.0,64.0,64.0,63.0,66.0,68.0,68.0,67.0,67.0,67.0,66.0,64.0,64.0,64.0,90.0,117.0,102.0,87.0,76.0,65.0,64.0,30,0,True
1649998860000.0,1650000600000.0,63.0,66.0,68.0,68.0,69.0,71.0,73.0,68.0,64.0,64.0,65.0,64.0,64.0,66.0,68.0,66.0,64.0,69.0,74.0,72.0,70.0,68.0,67.0,68.0,69.0,69.0,69.0,70.0,71.0,71.0,30,0,True
1650000660000.0,1650002400000.0,71.0,70.0,70.0,66.0,63.0,66.0,70.0,66.0,63.0,66.0,69.0,66.0,64.0,66.0,68.0,66.0,64.0,63.0,62.0,63.0,64.0,64.0,64.0,66.0,68.0,67.0,66.0,66.0,65.0,64.0,28,2,True
1650002460000.0,1650004200000.0,64.0,66.0,67.0,66.0,65.0,65.0,65.0,66.0,68.0,66.0,65.0,66.0,66.0,70.0,74.0,70.0,65.0,65.0,65.0,66.0,67.0,70.0,72.0,74.0,77.0,76.0,76.0,76.0,75.0,76.0,28,2,True
1650004260000.0,1650006000000.0,77.0,74.0,72.0,70.0,68.0,65.0,63.0,66.0,68.0,71.0,74.0,68.0,63.0,68.0,73.0,86.0,99.0,88.0,76.0,80.0,83.0,86.0,90.0,87.0,84.0,82.0,79.0,84.0,88.0,85.0,18,12,True
1650006060000.0,1650007800000.0,82.0,80.0,79.0,78.0,64.0,63.0,62.0,60.0,59.0,60.0,60.0,61.0,64.0,67.0,109.0,114.0,114.0,114.0,114.0,114.0,114.0,114.0,114.0,114.0,114.0,114.0,114.0,114.0,114.0,114.0,0,30,False
1650007860000.0,1650009600000.0,114.0,114.0,114.0,114.0,113.0,113.0,113.0,113.0,113.0,113.0,113.0,113.0,113.0,113.0,113.0,113.0,113.0,113.0,113.0,113.0,113.0,113.0,113.0,113.0,113.0,113.0,113.0,113.0,113.0,113.0,0,30,False
1650009660000.0,1650011400000.0,113.0,113.0,113.0,113.0,113.0,113.0,113.0,113.0,113.0,112.0,112.0,112.0,112.0,112.0,112.0,112.0,112.0,112.0,112.0,112.0,112.0,112.0,112.0,112.0,112.0,112.0,112.0,112.0,112.0,112.0,0,30,False
1650011460000.0,1650013200000.0,112.0,112.0,112.0,112.0,112.0,112.0,112.0,112.0,112.0,112.0,112.0,112.0,112.0,112.0,112.0,112.0,111.0,111.0,111.0,111.0,111.0,111.0,111.0,111.0,111.0,111.0,111.0,111.0,111.0,111.0,0,30,False
1650013260000.0,1650015000000.0,111.0,111.0,111.0,111.0,111.0,111.0,111.0,111.0,111.0,111.0,111.0,111.0,111.0,111.0,111.0,111.0,111.0,111.0,111.0,111.0,111.0,110.0,110.0,110.0,110.0,110.0,110.0,110.0,110.0,110.0,0,30,False
1650015060000.0,1650016800000.0,110.0,110.0,110.0,110.0,110.0,110.0,110.0,110.0,110.0,110.0,110.0,110.0,110.0,110.0,110.0,110.0,110.0,110.0,110.0,110.0,110.0,110.0,110.0,110.0,110.0,110.0,110.0,110.0,109.0,109.0,0,30,False
1650016860000.0,1650018600000.0,109.0,109.0,109.0,109.0,109.0,109.0,109.0,109.0,109.0,109.0,109.0,109.0,109.0,109.0,109.0,109.0,109.0,109.0,109.0,109.0,109.0,109.0,109.0,109.0,109.0,109.0,109.0,109.0,109.0,109.0,0,30,False
1650018660000.0,1650020400000.0,109.0,109.0,109.0,108.0,108.0,108.0,108.0,108.0,108.0,108.0,108.0,108.0,108.0,108.0,108.0,108.0,108.0,108.0,108.0,108.0,108.0,108.0,108.0,108.0,108.0,108.0,108.0,108.0,108.0,108.0,0,30,False
1650020460000.0,1650022200000.0,108.0,108.0,108.0,108.0,108.0,108.0,108.0,108.0,108.0,108.0,107.0,107.0,107.0,107.0,107.0,107.0,107.0,107.0,107.0,107.0,107.0,107.0,107.0,107.0,107.0,107.0,107.0,107.0,107.0,107.0,0,30,False
1650022260000.0,1650024000000.0,107.0,107.0,107.0,107.0,107.0,107.0,107.0,107.0,107.0,107.0,107.0,107.0,107.0,107.0,107.0,106.0,106.0,106.0,106.0,106.0,106.0,106.0,106.0,106.0,106.0,106.0,106.0,106.0,106.0,106.0,0,30,False
1650024060000.0,1650025800000.0,106.0,106.0,106.0,106.0,106.0,106.0,106.0,106.0,106.0,106.0,106.0,106.0,106.0,106.0,106.0,106.0,106.0,106.0,106.0,106.0,106.0,106.0,105.0,105.0,105.0,105.0,105.0,105.0,105.0,105.0,0,30,False
1650025860000.0,1650027600000.0,105.0,105.0,105.0,105.0,105.0,105.0,105.0,105.0,105.0,105.0,105.0,105.0,105.0,105.0,105.0,105.0,105.0,105.0,105.0,105.0,105.0,105.0,105.0,105.0,105.0,105.0,105.0,104.0,104.0,104.0,0,30,False
1650027660000.0,1650029400000.0,104.0,104.0,104.0,104.0,104.0,104.0,104.0,104.0,104.0,104.0,104.0,104.0,104.0,104.0,104.0,104.0,104.0,104.0,104.0,104.0,104.0,104.0,104.0,104.0,104.0,104.0,104.0,104.0,104.0,104.0,0,30,False
1650029460000.0,1650031200000.0,104.0,104.0,104.0,104.0,103.0,103.0,103.0,103.0,103.0,103.0,103.0,103.0,103.0,103.0,103.0,103.0,103.0,103.0,103.0,103.0,103.0,103.0,103.0,103.0,103.0,103.0,103.0,103.0,103.0,103.0,0,30,False
1650031260000.0,1650033000000.0,103.0,103.0,103.0,103.0,103.0,103.0,103.0,103.0,103.0,102.0,102.0,102.0,102.0,102.0,102.0,102.0,102.0,102.0,102.0,102.0,102.0,102.0,102.0,102.0,102.0,102.0,102.0,102.0,102.0,102.0,0,30,False
1650033060000.0,1650034800000.0,102.0,102.0,102.0,102.0,102.0,102.0,102.0,102.0,102.0,102.0,102.0,102.0,102.0,102.0,102.0,102.0,101.0,101.0,101.0,101.0,101.0,101.0,101.0,101.0,101.0,101.0,101.0,101.0,101.0,101.0,0,30,False
1650034860000.0,1650036600000.0,101.0,101.0,101.0,101.0,101.0,101.0,101.0,101.0,101.0,101.0,101.0,101.0,101.0,101.0,101.0,101.0,101.0,101.0,101.0,101.0,101.0,100.0,100.0,100.0,100.0,100.0,100.0,100.0,100.0,100.0,0,30,False
1650036660000.0,1650038400000.0,100.0,100.0,100.0,100.0,100.0,100.0,100.0,100.0,100.0,100.0,100.0,100.0,100.0,100.0,100.0,100.0,100.0,100.0,100.0,100.0,100.0,100.0,100.0,100.0,100.0,100.0,100.0,100.0,99.0,99.0,0,30,False
1650038460000.0,1650040200000.0,99.0,99.0,99.0,99.0,99.0,99.0,99.0,99.0,99.0,99.0,99.0,99.0,99.0,99.0,99.0,99.0,99.0,99.0,99.0,99.0,99.0,99.0,99.0,99.0,99.0,99.0,99.0,99.0,99.0,99.0,0,30,False
1650040260000.0,1650042000000.0,99.0,99.0,99.0,98.0,98.0,98.0,98.0,98.0,98.0,98.0,98.0,98.0,98.0,98.0,98.0,98.0,98.0,98.0,98.0,98.0,98.0,98.0,98.0,98.0,98.0,98.0,98.0,98.0,98.0,98.0,0,30,False
1650042060000.0,1650043800000.0,98.0,98.0,98.0,98.0,98.0,98.0,98.0,98.0,98.0,98.0,97.0,97.0,97.0,97.0,97.0,97.0,97.0,97.0,97.0,97.0,97.0,97.0,97.0,97.0,97.0,97.0,97.0,97.0,97.0,97.0,0,30,False
1650043860000.0,1650045600000.0,97.0,97.0,97.0,97.0,97.0,97.0,97.0,97.0,97.0,97.0,97.0,97.0,97.0,97.0,97.0,96.0,96.0,96.0,96.0,96.0,96.0,96.0,96.0,96.0,96.0,96.0,96.0,96.0,96.0,96.0,0,30,False
1650045660000.0,1650047400000.0,96.0,96.0,96.0,96.0,96.0,96.0,96.0,96.0,96.0,96.0,96.0,96.0,96.0,96.0,96.0,96.0,96.0,96.0,96.0,96.0,96.0,96.0,95.0,95.0,95.0,95.0,95.0,95.0,95.0,95.0,0,30,False
1650047460000.0,1650049200000.0,95.0,95.0,95.0,95.0,95.0,95.0,95.0,95.0,95.0,95.0,95.0,95.0,95.0,95.0,95.0,95.0,95.0,95.0,95.0,95.0,95.0,95.0,95.0,95.0,95.0,95.0,95.0,94.0,94.0,94.0,0,30,False
1650049260000.0,1650051000000.0,94.0,94.0,94.0,94.0,94.0,94.0,94.0,94.0,94.0,94.0,94.0,94.0,94.0,94.0,94.0,94.0,94.0,94.0,94.0,94.0,94.0,94.0,94.0,94.0,94.0,94.0,94.0,94.0,94.0,94.0,0,30,False
1650051060000.0,1650052800000.0,94.0,94.0,94.0,94.0,93.0,93.0,93.0,93.0,93.0,93.0,93.0,93.0,93.0,93.0,93.0,93.0,93.0,93.0,93.0,93.0,93.0,93.0,93.0,93.0,93.0,93.0,93.0,93.0,93.0,93.0,0,30,False
1650052860000.0,1650054600000.0,93.0,93.0,93.0,93.0,93.0,93.0,93.0,93.0,93.0,92.0,92.0,92.0,92.0,92.0,92.0,92.0,92.0,92.0,92.0,92.0,92.0,92.0,92.0,92.0,92.0,92.0,92.0,92.0,92.0,92.0,0,30,False
1650054660000.0,1650056400000.0,92.0,92.0,92.0,92.0,92.0,92.0,92.0,92.0,92.0,92.0,92.0,92.0,92.0,92.0,92.0,92.0,91.0,91.0,91.0,91.0,91.0,91.0,91.0,91.0,91.0,91.0,91.0,91.0,91.0,91.0,0,30,False
1650056460000.0,1650058200000.0,91.0,91.0,91.0,91.0,91.0,91.0,91.0,91.0,91.0,91.0,91.0,91.0,91.0,91.0,91.0,91.0,91.0,91.0,91.0,91.0,91.0,90.0,90.0,90.0,90.0,90.0,90.0,90.0,90.0,90.0,9,21,False
1650058260000.0,1650060000000.0,90.0,90.0,90.0,90.0,90.0,90.0,90.0,90.0,90.0,90.0,90.0,90.0,90.0,90.0,90.0,90.0,90.0,90.0,90.0,90.0,90.0,90.0,90.0,90.0,90.0,90.0,90.0,90.0,89.0,89.0,28,2,True
1650060060000.0,1650061800000.0,89.0,89.0,89.0,89.0,89.0,89.0,89.0,89.0,89.0,89.0,89.0,89.0,89.0,89.0,89.0,89.0,89.0,89.0,89.0,89.0,89.0,89.0,89.0,89.0,89.0,89.0,89.0,89.0,89.0,89.0,29,1,True
1650061860000.0,1650063600000.0,89.0,89.0,89.0,88.0,88.0,88.0,88.0,88.0,88.0,88.0,88.0,88.0,88.0,88.0,88.0,88.0,88.0,88.0,88.0,88.0,88.0,88.0,71.0,78.0,86.0,78.0,71.0,70.0,70.0,74.0,29,1,True
1650063660000.0,1650065400000.0,79.0,74.0,68.0,68.0,67.0,66.0,64.0,66.0,68.0,68.0,69.0,68.0,67.0,66.0,64.0,67.0,70.0,68.0,67.0,67.0,67.0,66.0,64.0,64.0,65.0,65.0,65.0,67.0,69.0,66.0,30,0,True
1650065460000.0,1650067200000.0,63.0,64.0,64.0,67.0,70.0,69.0,68.0,68.0,68.0,68.0,68.0,74.0,80.0,72.0,64.0,72.0,81.0,74.0,66.0,65.0,64.0,66.0,69.0,71.0,73.0,71.0,69.0,72.0,74.0,72.0,30,0,True
1650067260000.0,1650069000000.0,71.0,71.0,71.0,66.0,62.0,60.0,57.0,62.0,68.0,68.0,67.0,63.0,59.0,62.0,64.0,64.0,65.0,66.0,68.0,68.0,69.0,69.0,69.0,68.0,68.0,66.0,64.0,66.0,68.0,68.0,30,0,True
1650069060000.0,1650070800000.0,67.0,68.0,68.0,67.0,66.0,65.0,64.0,66.0,69.0,64.0,60.0,64.0,68.0,69.0,70.0,67.0,64.0,66.0,68.0,71.0,74.0,73.0,60.0,62.0,64.0,64.0,64.0,64.0,63.0,62.0,30,0,True
1650070860000.0,1650072600000.0,61.0,58.0,54.0,56.0,59.0,61.0,63.0,64.0,64.0,62.0,61.0,62.0,63.0,63.0,63.0,63.0,63.0,62.0,62.0,66.0,70.0,69.0,68.0,71.0,74.0,69.0,64.0,60.0,56.0,64.0,30,0,True
1650072660000.0,1650074400000.0,71.0,68.0,65.0,69.0,73.0,68.0,64.0,64.0,64.0,62.0,60.0,62.0,63.0,62.0,60.0,62.0,63.0,62.0,61.0,71.0,81.0,68.0,56.0,60.0,63.0,62.0,62.0,62.0,63.0,62.0,29,1,True
1650074460000.0,1650076200000.0,60.0,62.0,63.0,60.0,56.0,60.0,64.0,62.0,60.0,61.0,62.0,61.0,60.0,60.0,60.0,62.0,63.0,61.0,58.0,59.0,57.0,68.0,59.0,61.0,65.0,67.0,64.0,67.0,60.0,64.0,28,2,True
1650076260000.0,1650078000000.0,59.0,68.0,66.0,65.0,78.0,65.0,59.0,68.0,63.0,62.0,62.0,63.0,64.0,63.0,62.0,64.0,67.0,70.0,74.0,65.0,56.0,58.0,60.0,62.0,63.0,63.0,63.0,62.0,60.0,62.0,29,1,True
1650078060000.0,1650079800000.0,65.0,64.0,63.0,62.0,60.0,59.0,58.0,60.0,63.0,62.0,60.0,61.0,62.0,62.0,63.0,62.0,60.0,61.0,62.0,62.0,63.0,61.0,59.0,64.0,68.0,66.0,63.0,65.0,67.0,66.0,28,2,True
1650079860000.0,1650081600000.0,64.0,63.0,62.0,62.0,63.0,63.0,63.0,66.0,70.0,66.0,62.0,62.0,62.0,63.0,64.0,66.0,67.0,74.0,81.0,74.0,68.0,66.0,64.0,68.0,73.0,68.0,64.0,64.0,63.0,66.0,30,0,True
1650081660000.0,1650083400000.0,69.0,72.0,75.0,77.0,79.0,80.0,81.0,78.0,75.0,72.0,70.0,73.0,76.0,75.0,74.0,74.0,74.0,71.0,68.0,68.0,67.0,69.0,71.0,68.0,64.0,64.0,64.0,64.0,64.0,64.0,30,0,True
1650083460000.0,1650085200000.0,63.0,65.0,67.0,67.0,67.0,68.0,68.0,69.0,70.0,70.0,69.0,67.0,65.0,66.0,68.0,68.0,67.0,66.0,64.0,66.0,67.0,66.0,64.0,66.0,68.0,66.0,64.0,63.0,62.0,61.0,30,0,True
1650085260000.0,1650087000000.0,60.0,62.0,63.0,62.0,60.0,59.0,58.0,58.0,59.0,60.0,62.0,60.0,58.0,64.0,70.0,68.0,67.0,67.0,67.0,67.0,67.0,68.0,69.0,70.0,72.0,70.0,69.0,68.0,66.0,63.0,30,0,True
1650087060000.0,1650088800000.0,60.0,65.0,70.0,66.0,62.0,66.0,71.0,70.0,68.0,72.0,75.0,72.0,70.0,70.0,70.0,70.0,71.0,70.0,70.0,68.0,67.0,68.0,70.0,69.0,68.0,70.0,71.0,72.0,73.0,70.0,30,0,True
1650088860000.0,1650090600000.0,68.0,80.0,93.0,79.0,65.0,65.0,65.0,64.0,64.0,65.0,66.0,64.0,63.0,63.0,63.0,63.0,63.0,62.0,62.0,64.0,66.0,68.0,70.0,66.0,61.0,70.0,78.0,73.0,68.0,70.0,30,0,True
1650090660000.0,1650092400000.0,71.0,70.0,70.0,70.0,69.0,67.0,65.0,69.0,73.0,73.0,73.0,73.0,73.0,74.0,76.0,80.0,85.0,74.0,64.0,66.0,68.0,62.0,56.0,60.0,63.0,66.0,70.0,70.0,70.0,70.0,30,0,True
1650092460000.0,1650094200000.0,70.0,68.0,66.0,67.0,68.0,70.0,71.0,70.0,68.0,70.0,72.0,70.0,69.0,64.0,59.0,64.0,68.0,66.0,63.0,64.0,64.0,60.0,56.0,62.0,68.0,70.0,73.0,73.0,73.0,68.0,30,0,True
1650094260000.0,1650096000000.0,64.0,78.0,92.0,76.0,60.0,58.0,56.0,60.0,65.0,69.0,73.0,73.0,73.0,68.0,64.0,66.0,68.0,70.0,71.0,70.0,69.0,70.0,70.0,70.0,71.0,70.0,68.0,71.0,74.0,80.0,30,0,True
1650096060000.0,1650097800000.0,87.0,78.0,69.0,70.0,71.0,67.0,63.0,60.0,58.0,68.0,77.0,81.0,85.0,90.0,94.0,98.0,107.0,108.0,103.0,101.0,105.0,77.0,75.0,65.0,122.0,127.0,125.0,93.0,85.0,77.0,29,1,True
1650097860000.0,1650099600000.0,69.0,80.0,79.0,79.0,78.0,79.0,79.0,79.0,79.0,79.0,79.0,79.0,79.0,79.0,79.0,79.0,79.0,79.0,79.0,79.0,79.0,79.0,79.0,79.0,79.0,79.0,79.0,79.0,79.0,79.0,27,3,True
1650099660000.0,1650101400000.0,79.0,79.0,79.0,79.0,79.0,79.0,79.0,79.0,79.0,79.0,79.0,79.0,79.0,79.0,79.0,79.0,79.0,79.0,79.0,79.0,79.0,79.0,79.0,79.0,79.0,79.0,79.0,79.0,79.0,79.0,28,2,True
1650101460000.0,1650103200000.0,79.0,79.0,79.0,79.0,79.0,79.0,79.0,79.0,79.0,79.0,79.0,79.0,79.0,79.0,79.0,79.0,79.0,79.0,79.0,79.0,79.0,79.0,79.0,79.0,79.0,79.0,79.0,79.0,79.0,79.0,30,0,True
